asset,year,buffer,train_sharpe
SPY,1999,0.02,1.0984595664821317
SPY,2000,0.05,0.9268550747854758
SPY,2001,0.05,0.6772346051928694
SPY,2002,0.05,0.6341197135392455
SPY,2003,0.05,0.5977843031561414
SPY,2004,0.05,0.6974821712973843
SPY,2005,0.05,0.7073681461777371
SPY,2006,0.05,0.6734579683732503
SPY,2007,0.05,0.6940824230876927
SPY,2008,0.05,0.6450260182080769
SPY,2009,0.05,0.5954177987627727
SPY,2010,0.05,0.6519365209072459
SPY,2011,0.05,0.6153293716643936
SPY,2012,0.05,0.5774145088014371
SPY,2013,0.05,0.592711251687035
SPY,2014,0.05,0.6777395155591003
SPY,2015,0.05,0.6984285728908782
SPY,2016,0.05,0.6571501161182937
SPY,2017,0.05,0.6628809119086381
SPY,2018,0.05,0.708587500348969
SPY,2019,0.05,0.6654788384309761
SPY,2020,0.05,0.6792645711150698
SPY,2021,0.04,0.6542244327433208
SPY,2022,0.04,0.7034893392788122
SPY,2023,0.05,0.6514643677506331
SPY,2024,0.05,0.662273969557187
SPY,2025,0.05,0.687063184196584
SPY,2026,0.05,0.6624445303652287
QQQ,2005,0.03,0.06746478114386899
QQQ,2006,0.05,0.04672162453548437
QQQ,2007,0.05,0.00287459232825677
QQQ,2008,0.05,0.09414817145017483
QQQ,2009,0.05,0.028610548869455864
QQQ,2010,0.05,0.17653678844727624
QQQ,2011,0.06,0.2171488495255923
QQQ,2012,0.06,0.181600586140302
QQQ,2013,0.06,0.2154669979622807
QQQ,2014,0.06,0.3319626499727706
QQQ,2015,0.06,0.3840829262397908
QQQ,2016,0.06,0.35965635888575753
QQQ,2017,0.06,0.3280392017949188
QQQ,2018,0.06,0.4078375925442384
QQQ,2019,0.06,0.395590888622053
QQQ,2020,0.06,0.42551761125492615
QQQ,2021,0.06,0.4755382719576022
QQQ,2022,0.06,0.5200972935535294
QQQ,2023,0.06,0.46974930993467956
QQQ,2024,0.06,0.5163747557373674
QQQ,2025,0.06,0.5399932251982731
QQQ,2026,0.06,0.5207120190728811
S&P500지수,1935,0.06,0.12659379260051443
S&P500지수,1936,0.06,0.35450828578320087
S&P500지수,1937,0.06,0.47581171173071735
S&P500지수,1938,0.06,0.39274414027071747
S&P500지수,1939,0.06,0.4252827101549515
S&P500지수,1940,0.06,0.3102709426157181
S&P500지수,1941,0.04,0.22954979007126855
S&P500지수,1942,0.06,0.2010575754435101
S&P500지수,1943,0.06,0.2197987546751858
S&P500지수,1944,0.04,0.25821630276906926
S&P500지수,1945,0.04,0.27643149404825396
S&P500지수,1946,0.04,0.36003915056283237
S&P500지수,1947,0.04,0.33368696714628915
S&P500지수,1948,0.04,0.3165573324074877
S&P500지수,1949,0.02,0.2803629744430883
S&P500지수,1950,0.02,0.2965131133104748
S&P500지수,1951,0.04,0.3351127808170041
S&P500지수,1952,0.04,0.3679571484940894
S&P500지수,1953,0.04,0.3889698669936076
S&P500지수,1954,0.04,0.3550699786049708
S&P500지수,1955,0.04,0.43524089780995356
S&P500지수,1956,0.04,0.47954846925863204
S&P500지수,1957,0.04,0.46763796484211984
S&P500지수,1958,0.04,0.4414434330113565
S&P500지수,1959,0.02,0.48438163883676105
S&P500지수,1960,0.04,0.4919082907592259
S&P500지수,1961,0.04,0.4672728314320241
S&P500지수,1962,0.04,0.4974271094676281
S&P500지수,1963,0.04,0.4673506958108955
S&P500지수,1964,0.04,0.48812334773090343
S&P500지수,1965,0.04,0.4979991532373851
S&P500지수,1966,0.04,0.48107684966727354
S&P500지수,1967,0.04,0.45685913846028314
S&P500지수,1968,0.04,0.4628001732961948
S&P500지수,1969,0.0,0.4535336924444976
S&P500지수,1970,0.0,0.4368707246640541
S&P500지수,1971,0.0,0.44784210130816504
S&P500지수,1972,0.0,0.4379087208255617
S&P500지수,1973,0.0,0.4476013932927878
S&P500지수,1974,0.0,0.41673461011237173
S&P500지수,1975,0.0,0.412022613332138
S&P500지수,1976,0.0,0.4063009053418018
S&P500지수,1977,0.04,0.4172713115259192
S&P500지수,1978,0.04,0.39606960184646534
S&P500지수,1979,0.0,0.37779564064811455
S&P500지수,1980,0.04,0.36754108001462416
S&P500지수,1981,0.0,0.37177061919563126
S&P500지수,1982,0.0,0.34119130534421144
S&P500지수,1983,0.0,0.35889172739289815
S&P500지수,1984,0.0,0.36279667023981255
S&P500지수,1985,0.0,0.3519988087114142
S&P500지수,1986,0.01,0.3643736916821129
S&P500지수,1987,0.01,0.3648318058243605
S&P500지수,1988,0.0,0.37822236056033764
S&P500지수,1989,0.01,0.36609921538789303
S&P500지수,1990,0.01,0.3824390956756318
S&P500지수,1991,0.0,0.3572390146513801
S&P500지수,1992,0.0,0.372705397375379
S&P500지수,1993,0.0,0.36477074628834427
S&P500지수,1994,0.0,0.36583472153029745
S&P500지수,1995,0.0,0.34905413384776723
S&P500지수,1996,0.0,0.37557098943856654
S&P500지수,1997,0.0,0.3832013086662171
S&P500지수,1998,0.0,0.40256535424234796
S&P500지수,1999,0.0,0.40964493647925354
S&P500지수,2000,0.0,0.4090308352260633
S&P500지수,2001,0.03,0.3807847044305292
S&P500지수,2002,0.03,0.3781623269366374
S&P500지수,2003,0.03,0.37555238645161665
S&P500지수,2004,0.03,0.39252366671496647
S&P500지수,2005,0.03,0.3873373979805977
S&P500지수,2006,0.03,0.38337209958185803
S&P500지수,2007,0.03,0.3883211583764254
S&P500지수,2008,0.03,0.3728344605899002
S&P500지수,2009,0.03,0.3704484556044875
S&P500지수,2010,0.04,0.384493719891772
S&P500지수,2011,0.03,0.38322885718391003
S&P500지수,2012,0.03,0.3746720585949174
S&P500지수,2013,0.03,0.37918052792372003
S&P500지수,2014,0.03,0.4009424736770478
S&P500지수,2015,0.03,0.4075607180962521
S&P500지수,2016,0.03,0.3994304247300145
S&P500지수,2017,0.03,0.40274608353734254
S&P500지수,2018,0.03,0.41581046582655473
S&P500지수,2019,0.03,0.40996330277183707
S&P500지수,2020,0.03,0.4166279780020108
S&P500지수,2021,0.03,0.420451492741557
S&P500지수,2022,0.03,0.4375625141570619
S&P500지수,2023,0.03,0.4178973147865807
S&P500지수,2024,0.03,0.42385431496828213
S&P500지수,2025,0.03,0.43379421742712015
S&P500지수,2026,0.03,0.43512375079673893
나스닥100지수,1992,0.0,0.6306716299093481
나스닥100지수,1993,0.0,0.456157449330537
나스닥100지수,1994,0.0,0.39430154035507387
나스닥100지수,1995,0.0,0.29861905746871886
나스닥100지수,1996,0.0,0.47862202029078094
나스닥100지수,1997,0.0,0.5154741231813071
나스닥100지수,1998,0.0,0.5076882818357665
나스닥100지수,1999,0.0,0.6226902492353514
나스닥100지수,2000,0.0,0.8016051498750658
나스닥100지수,2001,0.0,0.5981684145910082
나스닥100지수,2002,0.0,0.532263204165892
나스닥100지수,2003,0.05,0.5123360797379259
나스닥100지수,2004,0.05,0.571280522203767
나스닥100지수,2005,0.05,0.5457951137062379
나스닥100지수,2006,0.04,0.49722446203757736
나스닥100지수,2007,0.02,0.47505485450353657
나스닥100지수,2008,0.02,0.48842000273539193
나스닥100지수,2009,0.05,0.44280560265884183
나스닥100지수,2010,0.05,0.4891197154422652
나스닥100지수,2011,0.05,0.48260257461415584
나스닥100지수,2012,0.05,0.4578985818545954
나스닥100지수,2013,0.06,0.45935349610714693
나스닥100지수,2014,0.06,0.5061767522401999
나스닥100지수,2015,0.06,0.5248060741286796
나스닥100지수,2016,0.06,0.5070565969237305
나스닥100지수,2017,0.06,0.4854744400319553
나스닥100지수,2018,0.06,0.5221243155549832
나스닥100지수,2019,0.06,0.5071205203026832
나스닥100지수,2020,0.06,0.5182864562710466
나스닥100지수,2021,0.06,0.5370180845754847
나스닥100지수,2022,0.06,0.5602763173219398
나스닥100지수,2023,0.05,0.5301764346940598
나스닥100지수,2024,0.05,0.555814049504426
나스닥100지수,2025,0.05,0.5684006459725328
나스닥100지수,2026,0.05,0.5665008286488891
