asset,period,ma,buffer,mode,cagr,mdd,sharpe,trades
SPY,1994-,100,0.0,D,0.06694107861813459,-0.5010387386423782,0.40703031181501664,359
SPY,1994-,100,0.0,W,0.06927540888050698,-0.41927623400757263,0.4157249316474791,167
SPY,1994-,100,0.005,D,0.06402810315413743,-0.5152485094611525,0.38196235724082483,219
SPY,1994-,100,0.005,W,0.06965286650021052,-0.4198172215857523,0.41918969989249605,153
SPY,1994-,100,0.01,D,0.07397468157445508,-0.45529074780447676,0.4601706360539113,151
SPY,1994-,100,0.01,W,0.0739604430668459,-0.3828298420927624,0.4545293642936921,135
SPY,1994-,100,0.015,D,0.07107773640901405,-0.43891212279820446,0.4358518081239125,123
SPY,1994-,100,0.015,W,0.07527859726531272,-0.37176671040044607,0.46517669356540353,117
SPY,1994-,100,0.02,D,0.06603466258432311,-0.45140572495539266,0.393096115865312,107
SPY,1994-,100,0.02,W,0.07225682276791012,-0.3869834817695563,0.43871373186570434,105
SPY,1994-,100,0.025,D,0.07115112699682946,-0.4172657078354831,0.43393301097410564,85
SPY,1994-,100,0.025,W,0.07551562514055177,-0.3442401524520351,0.4642319217437544,85
SPY,1994-,100,0.03,D,0.06485779969405092,-0.44379460674483606,0.3803798391989614,79
SPY,1994-,100,0.03,W,0.07005861841571281,-0.3903226817763502,0.4187305351900406,79
SPY,1994-,100,0.035,D,0.06573518335485895,-0.3699273309251556,0.3844295452054611,67
SPY,1994-,100,0.035,W,0.07259715330326033,-0.3168215491406563,0.43624332025620755,67
SPY,1994-,100,0.04,D,0.06429555088190209,-0.41752309592073833,0.37386598255319853,63
SPY,1994-,100,0.04,W,0.0670653914091448,-0.40943206955362466,0.3924357288185464,63
SPY,1994-,100,0.045,D,0.0747344452756078,-0.3810906677802517,0.4493721884224836,49
SPY,1994-,100,0.045,W,0.08259474889057805,-0.34298778796747875,0.5069699322101805,49
SPY,1994-,100,0.05,D,0.09047924798369489,-0.2595394975978226,0.5708998243063954,37
SPY,1994-,100,0.05,W,0.09432771729286338,-0.25148661995945487,0.5973699380846239,37
SPY,1994-,100,0.06,D,0.0965953224966758,-0.20133406249459118,0.61743262235391,29
SPY,1994-,100,0.06,W,0.09768541123390095,-0.1922622819658346,0.6238443160315337,29
SPY,1994-,100,0.07,D,0.1014223401523644,-0.2119152966468073,0.6432117297504566,21
SPY,1994-,100,0.07,W,0.09165030740167146,-0.3427420954721693,0.5544568607639531,21
SPY,1994-,100,0.08,D,0.08922966105427332,-0.21191529664680697,0.5513641703119266,21
SPY,1994-,100,0.08,W,0.07878390123631784,-0.35516952610061014,0.46040915967069107,21
SPY,1994-,150,0.0,D,0.06903359954577337,-0.3681322965159731,0.41250007038298037,293
SPY,1994-,150,0.0,W,0.07513051571702101,-0.424175810209908,0.4576395180183504,141
SPY,1994-,150,0.005,D,0.07132532231402466,-0.3024852055677376,0.428206070322829,191
SPY,1994-,150,0.005,W,0.07424524242365371,-0.38795692769409873,0.449068545595173,133
SPY,1994-,150,0.01,D,0.07719653932589976,-0.31163717918894607,0.4747379479825393,135
SPY,1994-,150,0.01,W,0.07898555085810277,-0.2978630361634762,0.48504975989339566,111
SPY,1994-,150,0.015,D,0.0762192353518385,-0.38328745891814686,0.4660034202633321,103
SPY,1994-,150,0.015,W,0.08373928385604024,-0.2994507499041218,0.5209764040254409,95
SPY,1994-,150,0.02,D,0.08486733729866724,-0.34778184122904,0.5299906609152866,73
SPY,1994-,150,0.02,W,0.08754536712019445,-0.33022482604641246,0.5473007938365068,71
SPY,1994-,150,0.025,D,0.0930081758246799,-0.2534062157510588,0.5896270380106058,53
SPY,1994-,150,0.025,W,0.09300979016475153,-0.21537672829169685,0.5896640895023404,53
SPY,1994-,150,0.03,D,0.10233163525651712,-0.19822282336249752,0.6621951992579376,43
SPY,1994-,150,0.03,W,0.10077525445490698,-0.19904939946187739,0.6492196940164643,43
SPY,1994-,150,0.035,D,0.10098826351498524,-0.19368262696100846,0.6559868985634082,39
SPY,1994-,150,0.035,W,0.1006036849843488,-0.18244656645789947,0.6487634311965209,39
SPY,1994-,150,0.04,D,0.10297685299264558,-0.18948413771101758,0.6566940577347856,33
SPY,1994-,150,0.04,W,0.09726940341391455,-0.33227698273001993,0.5989514660720985,33
SPY,1994-,150,0.045,D,0.10250054992157542,-0.2119152966468073,0.6510773382752778,31
SPY,1994-,150,0.045,W,0.09683235671471535,-0.33227698273001993,0.5934299357864802,31
SPY,1994-,150,0.05,D,0.10484255123515762,-0.2119152966468073,0.6633882513802598,27
SPY,1994-,150,0.05,W,0.1020861026354738,-0.3322769827300204,0.6259625632222532,27
SPY,1994-,150,0.06,D,0.10514099072367156,-0.21191529664680675,0.6662570252613998,21
SPY,1994-,150,0.06,W,0.09993742300977826,-0.3322769827300197,0.6094247013677773,21
SPY,1994-,150,0.07,D,0.09924006183643774,-0.21210695164011728,0.6239768173051684,21
SPY,1994-,150,0.07,W,0.09044149389205502,-0.31118685075048713,0.5434341762378299,21
SPY,1994-,150,0.08,D,0.08429660423739116,-0.2306018636461542,0.5149303469104326,21
SPY,1994-,150,0.08,W,0.08029783686111136,-0.32121633649122494,0.4706492412627354,21
SPY,1994-,200,0.0,D,0.0812097812148469,-0.2534014640507798,0.5007517934474119,215
SPY,1994-,200,0.0,W,0.08188882982073165,-0.29548979366200645,0.5051466771241071,109
SPY,1994-,200,0.005,D,0.08689100718561615,-0.24714381712747657,0.5428294220994535,137
SPY,1994-,200,0.005,W,0.08708987201797624,-0.26061395636738394,0.5442861350437339,93
SPY,1994-,200,0.01,D,0.09080702662115159,-0.2544040426999613,0.5708663250418126,97
SPY,1994-,200,0.01,W,0.09274290048239675,-0.22095988723068394,0.5872854281946506,87
SPY,1994-,200,0.015,D,0.09164958296442549,-0.25440404269996164,0.5743199078990644,69
SPY,1994-,200,0.015,W,0.09655094299205524,-0.1942768955635914,0.6144908361958469,65
SPY,1994-,200,0.02,D,0.10100341888908182,-0.22088838491505647,0.6415317222216053,49
SPY,1994-,200,0.02,W,0.09997057131819176,-0.23890305832279368,0.6217275289803088,49
SPY,1994-,200,0.025,D,0.10346670079744924,-0.19072653118544214,0.6538645629001756,37
SPY,1994-,200,0.025,W,0.09721949215595616,-0.33227698273002004,0.5913093194576553,37
SPY,1994-,200,0.03,D,0.10194289942176016,-0.23080269292301026,0.6433486090919788,33
SPY,1994-,200,0.03,W,0.09635358725832255,-0.3322769827300205,0.5868567450758468,33
SPY,1994-,200,0.035,D,0.10314139999017868,-0.2333296742996993,0.6505500341014036,29
SPY,1994-,200,0.035,W,0.09859016796368847,-0.3322769827300198,0.5996733073604994,29
SPY,1994-,200,0.04,D,0.1067065192341543,-0.1905926682388055,0.6731857094910207,23
SPY,1994-,200,0.04,W,0.10375419302531519,-0.33227698273001993,0.6327749877921115,23
SPY,1994-,200,0.045,D,0.11011015339436359,-0.1905926682388055,0.6923985252653383,21
SPY,1994-,200,0.045,W,0.10494182942596209,-0.3322769827300204,0.6368859676769589,21
SPY,1994-,200,0.05,D,0.10762635310503943,-0.21191529664680697,0.6754637825794627,21
SPY,1994-,200,0.05,W,0.10117057406504437,-0.33227698273002026,0.6103863169769319,21
SPY,1994-,200,0.06,D,0.10206681061404321,-0.21191529664680708,0.6376373044088416,21
SPY,1994-,200,0.06,W,0.09388723029612023,-0.3472817438909638,0.5612700044442865,21
SPY,1994-,200,0.07,D,0.09299541951326784,-0.21191529664680697,0.5755861841152582,21
SPY,1994-,200,0.07,W,0.08711868766183106,-0.34418485965919643,0.5163151030517323,21
SPY,1994-,200,0.08,D,0.09004080316687091,-0.21955363519354598,0.5495397856633772,19
SPY,1994-,200,0.08,W,0.08652275378180607,-0.31969523547024703,0.5095114011188232,19
SPY,1994-,250,0.0,D,0.08104105927389993,-0.25890719313918964,0.48571615274385477,173
SPY,1994-,250,0.0,W,0.09105682026376072,-0.22726866264619006,0.5624357773197313,81
SPY,1994-,250,0.005,D,0.0885804844936744,-0.23697626712494568,0.5406530237673413,117
SPY,1994-,250,0.005,W,0.09482741935305072,-0.23736972567597536,0.5871911238491306,73
SPY,1994-,250,0.01,D,0.09161393504220161,-0.2369762671249459,0.5601154531572834,75
SPY,1994-,250,0.01,W,0.08961756955039624,-0.29578958888855333,0.5306753453922481,57
SPY,1994-,250,0.015,D,0.09468574788726491,-0.2386268258297488,0.5817099180871438,57
SPY,1994-,250,0.015,W,0.09041339176676111,-0.2957895888885529,0.5356269973989864,53
SPY,1994-,250,0.02,D,0.09691922195477098,-0.24755084845956066,0.5969008547693545,41
SPY,1994-,250,0.02,W,0.0934292667547616,-0.2957895888885529,0.5563497569044552,39
SPY,1994-,250,0.025,D,0.09646678071074244,-0.2480937227877309,0.5943277494807656,39
SPY,1994-,250,0.025,W,0.09120182287156653,-0.29578958888855333,0.5412886141674647,39
SPY,1994-,250,0.03,D,0.0997873256579922,-0.25417221938820345,0.6182129320454932,35
SPY,1994-,250,0.03,W,0.0917801753122538,-0.33227698273002026,0.5442361080328576,35
SPY,1994-,250,0.035,D,0.10503923640861768,-0.22709716683825165,0.6553670386773531,25
SPY,1994-,250,0.035,W,0.1018446462801521,-0.33227698273002004,0.6111261322446743,25
SPY,1994-,250,0.04,D,0.10534619241759913,-0.23047517839001597,0.6557180066953996,23
SPY,1994-,250,0.04,W,0.09948019575733102,-0.33227698273002015,0.593881960045916,23
SPY,1994-,250,0.045,D,0.10376587522768888,-0.21413051561974172,0.6436245614088385,21
SPY,1994-,250,0.045,W,0.10264874299039284,-0.3322769827300205,0.6166940132661224,21
SPY,1994-,250,0.05,D,0.1027663132676524,-0.20978840618803407,0.6374597793250025,21
SPY,1994-,250,0.05,W,0.098937930627635,-0.33227698273002004,0.5916061609621518,21
SPY,1994-,250,0.06,D,0.10082824385686662,-0.21191529664680708,0.622370100202102,19
SPY,1994-,250,0.06,W,0.09272009146076332,-0.34274209547216894,0.547684309816021,19
SPY,1994-,250,0.07,D,0.10051155915469145,-0.2119152966468073,0.6078311298696252,17
SPY,1994-,250,0.07,W,0.09398853887174674,-0.35400659663589806,0.5479209367667481,17
SPY,1994-,250,0.08,D,0.09754819869348452,-0.21870778396202029,0.5918705358211066,17
SPY,1994-,250,0.08,W,0.09246550846755786,-0.31969523547024703,0.5422612315022984,17
SPY,2001-,100,0.0,D,0.06724842277524168,-0.29983466342607235,0.490076357807576,279
SPY,2001-,100,0.0,W,0.06307460280809929,-0.2747459753239826,0.44452423420121523,123
SPY,2001-,100,0.005,D,0.06645477977698899,-0.2830948323867599,0.4829453757293113,163
SPY,2001-,100,0.005,W,0.06570336763046503,-0.2538832236975067,0.4671802488826225,111
SPY,2001-,100,0.01,D,0.07483726604390917,-0.22941925772178706,0.5520858289607392,109
SPY,2001-,100,0.01,W,0.0649383786175366,-0.26997442311184117,0.46227074546220315,97
SPY,2001-,100,0.015,D,0.06828394484636657,-0.2582516804225834,0.4924023370221711,93
SPY,2001-,100,0.015,W,0.06770576259688621,-0.24989573896599682,0.4844221180232018,87
SPY,2001-,100,0.02,D,0.06563658376266468,-0.27385781962371736,0.46684143195974936,77
SPY,2001-,100,0.02,W,0.06610288955337085,-0.27027764612401084,0.46785296799757103,75
SPY,2001-,100,0.025,D,0.06830324939613286,-0.23913235662444154,0.49043352787949623,61
SPY,2001-,100,0.025,W,0.06866992482145684,-0.264613940632764,0.4901689525358191,61
SPY,2001-,100,0.03,D,0.06023975405289472,-0.25263946815914884,0.41802364564695416,57
SPY,2001-,100,0.03,W,0.0629241189573253,-0.25348948455328846,0.4388135696961988,57
SPY,2001-,100,0.035,D,0.05872478800826508,-0.24844567418201535,0.4005800527978804,49
SPY,2001-,100,0.035,W,0.06589648134014192,-0.2599533828202244,0.4591393881927067,49
SPY,2001-,100,0.04,D,0.05981914461649174,-0.2534654724785126,0.40870275135505324,45
SPY,2001-,100,0.04,W,0.06241921971560438,-0.2442033157313731,0.4279629799875621,45
SPY,2001-,100,0.045,D,0.06256290778673224,-0.2732826056307349,0.42801083237672327,39
SPY,2001-,100,0.045,W,0.06857606541169159,-0.23013515649473315,0.47660419404854254,39
SPY,2001-,100,0.05,D,0.08077380761834463,-0.23311899755928145,0.590691438466272,29
SPY,2001-,100,0.05,W,0.08227213167481828,-0.20835207512055742,0.6029133128138313,29
SPY,2001-,100,0.06,D,0.08347977545872887,-0.18387147221950018,0.614266913766501,23
SPY,2001-,100,0.06,W,0.08641511156636694,-0.17421076556510506,0.6366645921304495,23
SPY,2001-,100,0.07,D,0.08720101259280821,-0.21191529664680742,0.6320078452159836,17
SPY,2001-,100,0.07,W,0.07396870610178152,-0.3427420954721696,0.5034973798471657,17
SPY,2001-,100,0.08,D,0.07693796447361323,-0.2119152966468073,0.5490533954519107,17
SPY,2001-,100,0.08,W,0.0603048281581835,-0.35516952610060715,0.39825958215134527,17
SPY,2001-,150,0.0,D,0.06343736582809689,-0.22517126026783307,0.44930965858465927,229
SPY,2001-,150,0.0,W,0.06911991268205409,-0.23601944333031522,0.49651248808953163,107
SPY,2001-,150,0.005,D,0.06126061468024768,-0.2576794505496842,0.43046955339219084,151
SPY,2001-,150,0.005,W,0.06639540209240424,-0.24727971705200225,0.473275662137307,103
SPY,2001-,150,0.01,D,0.06915703650270011,-0.23382559034549588,0.4982170537921712,105
SPY,2001-,150,0.01,W,0.06832826941478443,-0.2642336204111373,0.4887410913355276,87
SPY,2001-,150,0.015,D,0.06871253028675794,-0.2712126853764518,0.49420336553030125,79
SPY,2001-,150,0.015,W,0.0727570302924514,-0.25579026047674636,0.5249626717303005,73
SPY,2001-,150,0.02,D,0.07446059133358984,-0.23979169389118937,0.5383962212286993,55
SPY,2001-,150,0.02,W,0.07847708738031622,-0.22523974576700767,0.5682642606373458,53
SPY,2001-,150,0.025,D,0.0772622362854849,-0.25340621575105926,0.5646533763903767,43
SPY,2001-,150,0.025,W,0.07940648588897758,-0.21537672829169752,0.5832815853890759,43
SPY,2001-,150,0.03,D,0.08612410448916363,-0.1982228233624972,0.6440494278043011,35
SPY,2001-,150,0.03,W,0.08690876795640157,-0.19904939946187794,0.6488321750189492,35
SPY,2001-,150,0.035,D,0.08636627841192368,-0.16420202285163732,0.65164545577541,31
SPY,2001-,150,0.035,W,0.08793588861764912,-0.17421076556510462,0.6606953666991566,31
SPY,2001-,150,0.04,D,0.09041072800988803,-0.18948413771101758,0.6633937604684744,25
SPY,2001-,150,0.04,W,0.08319656526019359,-0.3322769827300205,0.5834507597711064,25
SPY,2001-,150,0.045,D,0.09080538670895955,-0.21191529664680775,0.6653911453745627,23
SPY,2001-,150,0.045,W,0.0836119946530951,-0.33227698273002004,0.584640626732493,23
SPY,2001-,150,0.05,D,0.09187492131272612,-0.21191529664680664,0.6694755359115074,21
SPY,2001-,150,0.05,W,0.08903527773833542,-0.33227698273002004,0.6216451489640309,21
SPY,2001-,150,0.06,D,0.09294099985162196,-0.21191529664680686,0.6753699650435442,17
SPY,2001-,150,0.06,W,0.08505169810854873,-0.33227698273001993,0.5879108368508902,17
SPY,2001-,150,0.07,D,0.08810997851889191,-0.21210695164011717,0.6379437672655346,17
SPY,2001-,150,0.07,W,0.07366660416861892,-0.31118685075048647,0.5019751786592888,17
SPY,2001-,150,0.08,D,0.06985500953057566,-0.23060186364615498,0.49180424440424536,17
SPY,2001-,150,0.08,W,0.06127826025637684,-0.3212163364912256,0.40515178964829035,17
SPY,2001-,200,0.0,D,0.07014294026557022,-0.25044924159676407,0.506028177157686,165
SPY,2001-,200,0.0,W,0.07216212219264184,-0.22842535368633554,0.5215050674645628,85
SPY,2001-,200,0.005,D,0.07406381931810935,-0.24714381712747657,0.5373580336623068,109
SPY,2001-,200,0.005,W,0.0781799400186094,-0.22726866264618928,0.5717947800108357,71
SPY,2001-,200,0.01,D,0.07581066162011263,-0.254404042699961,0.5506805833374859,77
SPY,2001-,200,0.01,W,0.08061323783093632,-0.21040211758835647,0.593364740021889,69
SPY,2001-,200,0.015,D,0.07559304683883372,-0.25440404269996186,0.5456129392649569,55
SPY,2001-,200,0.015,W,0.08609214660594877,-0.19160888752143213,0.6380886610708482,51
SPY,2001-,200,0.02,D,0.08701554040209225,-0.22088838491505658,0.6368728288998551,39
SPY,2001-,200,0.02,W,0.08643275316964805,-0.23890305832279313,0.6142878979481988,39
SPY,2001-,200,0.025,D,0.09227414477227147,-0.19072653118544158,0.6750842483846572,29
SPY,2001-,200,0.025,W,0.08514768523319383,-0.3322769827300198,0.5950298838661386,29
SPY,2001-,200,0.03,D,0.09097348259482163,-0.2308026929230098,0.6656645865178592,25
SPY,2001-,200,0.03,W,0.08381980694801805,-0.3322769827300204,0.5869636447911746,25
SPY,2001-,200,0.035,D,0.09387494053194412,-0.23332967429969897,0.6865529409322291,21
SPY,2001-,200,0.035,W,0.08663229305991527,-0.3322769827300197,0.6041492300831574,21
SPY,2001-,200,0.04,D,0.09549145858436425,-0.18948413771101758,0.6975273317354288,17
SPY,2001-,200,0.04,W,0.0906857353159558,-0.33227698273002015,0.632798691892048,17
SPY,2001-,200,0.045,D,0.09594786175631054,-0.18948413771101769,0.6950257459886056,17
SPY,2001-,200,0.045,W,0.08841346229621316,-0.33227698273002004,0.6111077477886355,17
SPY,2001-,200,0.05,D,0.09451372145399684,-0.21191529664680742,0.6845034047221619,17
SPY,2001-,200,0.05,W,0.08436889445572171,-0.33227698273002015,0.5796637133530278,17
SPY,2001-,200,0.06,D,0.08951770756265476,-0.21191529664680742,0.6482870209554836,17
SPY,2001-,200,0.06,W,0.07468384063304567,-0.34728174389096433,0.5074432256224063,17
SPY,2001-,200,0.07,D,0.07943545043508604,-0.2119152966468072,0.5645166165788339,17
SPY,2001-,200,0.07,W,0.06899646219996214,-0.34418485965919665,0.46151727930963776,17
SPY,2001-,200,0.08,D,0.07715746453482653,-0.21870778396201984,0.5440015353942016,15
SPY,2001-,200,0.08,W,0.06985442116796214,-0.31969523547024625,0.4674157452287506,15
SPY,2001-,250,0.0,D,0.06971061416605018,-0.2589071931391892,0.487787956478653,139
SPY,2001-,250,0.0,W,0.08376298452399311,-0.22726866264619028,0.6087568283845439,59
SPY,2001-,250,0.005,D,0.07521626935129078,-0.22456888890525417,0.5326202642680953,95
SPY,2001-,250,0.005,W,0.08627007676355514,-0.23736972567597647,0.6253955559188715,53
SPY,2001-,250,0.01,D,0.08015634367740354,-0.21026899431075818,0.5691041540462808,57
SPY,2001-,250,0.01,W,0.07737626403702103,-0.2957895888885532,0.526106911557383,41
SPY,2001-,250,0.015,D,0.08334858786563681,-0.2059633174878468,0.5937528186993406,43
SPY,2001-,250,0.015,W,0.07723136893271931,-0.2957895888885532,0.5255449764337912,39
SPY,2001-,250,0.02,D,0.08300563621175527,-0.23209565610046,0.5906409093832747,33
SPY,2001-,250,0.02,W,0.07586859454664796,-0.2957895888885529,0.5150040457627195,31
SPY,2001-,250,0.025,D,0.08301958322133096,-0.23648209639967643,0.5916371313746424,31
SPY,2001-,250,0.025,W,0.07502337091114453,-0.2957895888885531,0.5087020190630456,31
SPY,2001-,250,0.03,D,0.0876090181049296,-0.2163781009944361,0.6279595505313027,27
SPY,2001-,250,0.03,W,0.07574799998435844,-0.3322769827300198,0.5127178054694013,27
SPY,2001-,250,0.035,D,0.0887591694245593,-0.2270971668382512,0.6374904101388185,21
SPY,2001-,250,0.035,W,0.08345134600651405,-0.33227698273001993,0.5680010649888689,21
SPY,2001-,250,0.04,D,0.09006209331400772,-0.23047517839001486,0.6444450703459009,19
SPY,2001-,250,0.04,W,0.08164966375253813,-0.33227698273002015,0.5525705993557845,19
SPY,2001-,250,0.045,D,0.08944974349732959,-0.2141305156197415,0.6387573906645342,17
SPY,2001-,250,0.045,W,0.08561525871233755,-0.33227698273002015,0.5837715630533068,17
SPY,2001-,250,0.05,D,0.08845120325943379,-0.20978840618803407,0.6321808290264573,17
SPY,2001-,250,0.05,W,0.08097130273779096,-0.33227698273002015,0.5494564768523374,17
SPY,2001-,250,0.06,D,0.08693085544037094,-0.21191529664680697,0.6181026558653687,15
SPY,2001-,250,0.06,W,0.07432216518998325,-0.3427420954721693,0.497687717606994,15
SPY,2001-,250,0.07,D,0.0805554465353846,-0.21191529664680753,0.5666755279790691,15
SPY,2001-,250,0.07,W,0.07038147717428278,-0.3540065966358976,0.4672006368421777,15
SPY,2001-,250,0.08,D,0.07748204710996442,-0.21870778396201984,0.5448229383244259,15
SPY,2001-,250,0.08,W,0.07144166006837671,-0.3196952354702469,0.4780412713687818,15
SPY,2022-,100,0.0,D,0.10098238938733517,-0.16669590959880076,0.5683652211887321,37
SPY,2022-,100,0.0,W,0.08155239001651382,-0.24504497869639308,0.39889093801390824,21
SPY,2022-,100,0.005,D,0.10015377171183926,-0.19766583930812986,0.5624896050183321,27
SPY,2022-,100,0.005,W,0.09307308612100762,-0.24473287869072713,0.49919469217221213,19
SPY,2022-,100,0.01,D,0.08212143541585615,-0.21516873007249537,0.41619795478082117,21
SPY,2022-,100,0.01,W,0.06091885177577372,-0.2699744231118406,0.23453028611788881,21
SPY,2022-,100,0.015,D,0.0708721607131324,-0.2304293719974213,0.3216274652386624,21
SPY,2022-,100,0.015,W,0.054781784645062226,-0.24989573896599648,0.18223497620226323,19
SPY,2022-,100,0.02,D,0.061388614549504616,-0.2738578196237168,0.2378151966263862,19
SPY,2022-,100,0.02,W,0.064503913105455,-0.23962605332069709,0.26377256771371727,17
SPY,2022-,100,0.025,D,0.08690982949505122,-0.209468806011342,0.45207352902037223,13
SPY,2022-,100,0.025,W,0.08325558872583594,-0.20640294250208369,0.41955532386229866,13
SPY,2022-,100,0.03,D,0.07941156136416394,-0.22416155580475916,0.38037131858407874,11
SPY,2022-,100,0.03,W,0.07993666281747513,-0.21870566592269747,0.383511254145384,11
SPY,2022-,100,0.035,D,0.06186305596639996,-0.24844567418201502,0.23653871918663308,11
SPY,2022-,100,0.035,W,0.061878358026532077,-0.2599533828202244,0.23654901932114378,11
SPY,2022-,100,0.04,D,0.0650993303769205,-0.23333885788254394,0.2640290736205209,11
SPY,2022-,100,0.04,W,0.05807214565047336,-0.24420331573137322,0.20501572993672865,11
SPY,2022-,100,0.045,D,0.05945808942348996,-0.20859048429842608,0.2217185994360047,11
SPY,2022-,100,0.045,W,0.05124112098275391,-0.22313523813166447,0.15080420658815044,11
SPY,2022-,100,0.05,D,0.041237360898809694,-0.2331189975592819,0.06461471244930203,11
SPY,2022-,100,0.05,W,0.03953424498676328,-0.20835207512055798,0.050025921841547735,11
SPY,2022-,100,0.06,D,0.043311521087695315,-0.18387147221950073,0.0820298707625771,9
SPY,2022-,100,0.06,W,0.05520613339870284,-0.1312489552482804,0.18657174590920717,9
SPY,2022-,100,0.07,D,0.0872065585925359,-0.17724027923290964,0.4377341011388389,5
SPY,2022-,100,0.07,W,0.08403732402736108,-0.2003107625211603,0.4040718579574806,5
SPY,2022-,100,0.08,D,0.09316403120133554,-0.14907052107399354,0.4793331604917973,5
SPY,2022-,100,0.08,W,0.07603750339450088,-0.2003107625211602,0.33900519217308056,5
SPY,2022-,150,0.0,D,0.10152906516536997,-0.18699095598329307,0.5675616163899039,33
SPY,2022-,150,0.0,W,0.09442592362422997,-0.19717313233855338,0.5080142428717372,17
SPY,2022-,150,0.005,D,0.07792814241427592,-0.2576794505496851,0.37266111801626617,25
SPY,2022-,150,0.005,W,0.08990930525132401,-0.21280794259934632,0.47208995074714083,17
SPY,2022-,150,0.01,D,0.08432384153200534,-0.233825590345496,0.4273625572606206,19
SPY,2022-,150,0.01,W,0.08010442294214304,-0.24592140005701324,0.3892203933552072,19
SPY,2022-,150,0.015,D,0.06105996407228931,-0.2712126853764517,0.23197892603860115,19
SPY,2022-,150,0.015,W,0.05766015748896569,-0.2557902604767457,0.2035666036873529,19
SPY,2022-,150,0.02,D,0.07150811261571666,-0.2397916938911887,0.3184878971515091,15
SPY,2022-,150,0.02,W,0.06989352546279215,-0.22523974576700723,0.3037640423476807,15
SPY,2022-,150,0.025,D,0.06087748014148997,-0.25340621575105804,0.2287612178764537,15
SPY,2022-,150,0.025,W,0.06726235696140748,-0.21537672829169718,0.28042252231064424,15
SPY,2022-,150,0.03,D,0.0832487129991002,-0.15644086459571738,0.42990885708718857,11
SPY,2022-,150,0.03,W,0.08344683835408473,-0.14252310745787256,0.42908095182862016,11
SPY,2022-,150,0.035,D,0.08224867468768249,-0.14985972822944393,0.41500881523827843,9
SPY,2022-,150,0.035,W,0.08740484044938523,-0.12240983622067136,0.45547628493530246,9
SPY,2022-,150,0.04,D,0.07759424483679123,-0.15005866466729068,0.36872936764875835,9
SPY,2022-,150,0.04,W,0.07588444936490513,-0.14091457666413243,0.3520562972858349,9
SPY,2022-,150,0.045,D,0.09075134162332876,-0.1408911716392528,0.48782456864146373,7
SPY,2022-,150,0.045,W,0.09258230780601351,-0.1312489552482804,0.49879709058790755,7
SPY,2022-,150,0.05,D,0.07727247965204831,-0.18387147221950073,0.37231927551621563,7
SPY,2022-,150,0.05,W,0.09258230780601351,-0.1312489552482804,0.49879709058790755,7
SPY,2022-,150,0.06,D,0.08762266724704748,-0.17724027923290964,0.44101800914371414,5
SPY,2022-,150,0.06,W,0.08199464965265602,-0.2003107625211603,0.3885745065594435,5
SPY,2022-,150,0.07,D,0.08652802293473538,-0.14394553458175297,0.44554518909963303,5
SPY,2022-,150,0.07,W,0.0687703906584185,-0.2003107625211601,0.29207612831407215,5
SPY,2022-,150,0.08,D,0.05766236577519779,-0.2078519908900932,0.19789336269598634,5
SPY,2022-,150,0.08,W,0.05500255144612032,-0.211165107185445,0.17736493330512026,5
SPY,2022-,200,0.0,D,0.09174409235499636,-0.19064934078156326,0.48687734482866546,31
SPY,2022-,200,0.0,W,0.09502736218676544,-0.1635339313104397,0.5127991831057971,17
SPY,2022-,200,0.005,D,0.08741950783919972,-0.19125111415635687,0.45359973631915024,23
SPY,2022-,200,0.005,W,0.08743416371168289,-0.19076106119757996,0.45141814364480787,17
SPY,2022-,200,0.01,D,0.08778276573668031,-0.2015272529281893,0.4567309077887344,19
SPY,2022-,200,0.01,W,0.08362025932246953,-0.204169948251807,0.4211207070664591,19
SPY,2022-,200,0.015,D,0.09358247216829518,-0.17386719189415956,0.5058876506243971,13
SPY,2022-,200,0.015,W,0.09176947702124094,-0.16695021527805876,0.4874418768835102,13
SPY,2022-,200,0.02,D,0.09555377414994792,-0.16606972998798475,0.5114897140714408,11
SPY,2022-,200,0.02,W,0.08959200275024948,-0.17482205136627404,0.45955147964643933,11
SPY,2022-,200,0.025,D,0.09350189317621194,-0.18974853337189734,0.4935717941850373,9
SPY,2022-,200,0.025,W,0.1012733072405132,-0.17668645249203885,0.551313947981224,9
SPY,2022-,200,0.03,D,0.07831431881063167,-0.2308026929230097,0.37000483881794327,9
SPY,2022-,200,0.03,W,0.09100432337162445,-0.17668645249203885,0.47163648717302503,9
SPY,2022-,200,0.035,D,0.0653831001856624,-0.2333296742996983,0.2605361635336508,9
SPY,2022-,200,0.035,W,0.055807840652182694,-0.2097884061880343,0.18364914337581462,9
SPY,2022-,200,0.04,D,0.09214178845601118,-0.18387147221950073,0.47441886527753657,5
SPY,2022-,200,0.04,W,0.09081274876345713,-0.20057236549338042,0.4543354743676546,5
SPY,2022-,200,0.045,D,0.09051501863265043,-0.18387147221950073,0.461716058722898,5
SPY,2022-,200,0.045,W,0.0907461181452156,-0.2008045656846691,0.4544664816784286,5
SPY,2022-,200,0.05,D,0.09536865404109163,-0.16010697390291884,0.4971904934939765,5
SPY,2022-,200,0.05,W,0.07806893140120219,-0.2003107625211602,0.35428925603235284,5
SPY,2022-,200,0.06,D,0.09493016028031098,-0.14907052107399354,0.492798362664524,5
SPY,2022-,200,0.06,W,0.07806893140120219,-0.2003107625211602,0.35428925603235284,5
SPY,2022-,200,0.07,D,0.06481727604975207,-0.2003107625211603,0.25266771006883626,5
SPY,2022-,200,0.07,W,0.0645279084764312,-0.2003107625211603,0.2504823935822642,5
SPY,2022-,200,0.08,D,0.056844872264710355,-0.20785199089009265,0.18991089560701355,5
SPY,2022-,200,0.08,W,0.05339557843591147,-0.211165107185445,0.16366822467632894,5
SPY,2022-,250,0.0,D,0.08372959511474165,-0.18166608594624,0.40379060236251674,35
SPY,2022-,250,0.0,W,0.09843314969253081,-0.16142157334699403,0.5248291311477229,15
SPY,2022-,250,0.005,D,0.07980432299813311,-0.1841653962318509,0.37776886005169025,27
SPY,2022-,250,0.005,W,0.08254918302223979,-0.18984090034536916,0.39891105624926704,17
SPY,2022-,250,0.01,D,0.08267997734511545,-0.2057524882694114,0.39323860982408637,11
SPY,2022-,250,0.01,W,0.07215118766643536,-0.224433287618658,0.30703252177144913,11
SPY,2022-,250,0.015,D,0.08313965193348061,-0.19504527967799012,0.39771179062526096,9
SPY,2022-,250,0.015,W,0.06691615238276527,-0.20978840618803374,0.2680323532738035,9
SPY,2022-,250,0.02,D,0.07214266604666553,-0.23209565610046,0.3127241392254964,9
SPY,2022-,250,0.02,W,0.06691615238276527,-0.20978840618803374,0.2680323532738035,9
SPY,2022-,250,0.025,D,0.07085195242732323,-0.23648209639967688,0.3029879689122952,9
SPY,2022-,250,0.025,W,0.0630806170371967,-0.20978840618803418,0.23922976756105982,9
SPY,2022-,250,0.03,D,0.08010205188685182,-0.20613773221890985,0.3725194324853808,9
SPY,2022-,250,0.03,W,0.06306384562433731,-0.2097884061880343,0.2368547379226481,9
SPY,2022-,250,0.035,D,0.08362811754676702,-0.22709716683825132,0.39537263802608125,7
SPY,2022-,250,0.035,W,0.06705426330085906,-0.2309804135090191,0.2633533333044851,7
SPY,2022-,250,0.04,D,0.08263051464606974,-0.23047517839001452,0.38737363296602423,7
SPY,2022-,250,0.04,W,0.06654685629528245,-0.23271793083502335,0.26007736798416026,7
SPY,2022-,250,0.045,D,0.08582389870269269,-0.21413051561974183,0.40726008533639924,5
SPY,2022-,250,0.045,W,0.08713841717141513,-0.20978840618803407,0.4130776277669747,5
SPY,2022-,250,0.05,D,0.08672739651325578,-0.2097884061880343,0.4143255997727164,5
SPY,2022-,250,0.05,W,0.08414772171639173,-0.2097884061880343,0.39167509418240104,5
SPY,2022-,250,0.06,D,0.07565291698820165,-0.20031076252116042,0.3326604533808825,5
SPY,2022-,250,0.06,W,0.07227477121534975,-0.20031076252116042,0.30744359067451166,5
SPY,2022-,250,0.07,D,0.06587529078149501,-0.2003107625211603,0.25746826344752416,5
SPY,2022-,250,0.07,W,0.0598046869472848,-0.20031076252116042,0.2116714673477901,5
SPY,2022-,250,0.08,D,0.06274489183871945,-0.20031076252116042,0.23409608640061202,5
SPY,2022-,250,0.08,W,0.057807674641309204,-0.20031076252116042,0.19676701563908577,5
QQQ,2000-,100,0.0,D,0.04949177246786585,-0.5327650249921679,0.2617348610528412,319
QQQ,2000-,100,0.0,W,0.07504694751696772,-0.4921700019019971,0.40903964852937863,139
QQQ,2000-,100,0.005,D,0.06854462637457392,-0.4442999536192167,0.37294427746332376,209
QQQ,2000-,100,0.005,W,0.07893619916231587,-0.4897471581453918,0.43005738143472916,135
QQQ,2000-,100,0.01,D,0.07114462666491672,-0.4090769406341712,0.3884009913178101,151
QQQ,2000-,100,0.01,W,0.08169554330031348,-0.482526256849212,0.44694042638800746,111
QQQ,2000-,100,0.015,D,0.07546874947452831,-0.47603525246205824,0.4148563913929304,119
QQQ,2000-,100,0.015,W,0.07255906512029386,-0.5128800453642879,0.38968699060156325,101
QQQ,2000-,100,0.02,D,0.08046818292959479,-0.43489957749401353,0.44189573320716685,93
QQQ,2000-,100,0.02,W,0.06778064659877203,-0.5036400697014645,0.36104412332696606,85
QQQ,2000-,100,0.025,D,0.08344176019140703,-0.417922956405824,0.45718230024642864,77
QQQ,2000-,100,0.025,W,0.06791271448997183,-0.5036400697014645,0.36034366245607613,77
QQQ,2000-,100,0.03,D,0.07834071848585777,-0.43836597923843224,0.4260834388848081,73
QQQ,2000-,100,0.03,W,0.06674346202692472,-0.5036400697014645,0.35385515567206316,73
QQQ,2000-,100,0.035,D,0.08166196775295087,-0.4619157798365402,0.4453880021549596,61
QQQ,2000-,100,0.035,W,0.07789547512289752,-0.5181634232586072,0.41591894560385695,61
QQQ,2000-,100,0.04,D,0.07987221607086736,-0.5289823325623242,0.43207334088093585,57
QQQ,2000-,100,0.04,W,0.07818278370139886,-0.512646474173308,0.4154848373254719,57
QQQ,2000-,100,0.045,D,0.08038776978682338,-0.5262307545261955,0.4340786361814735,53
QQQ,2000-,100,0.045,W,0.07893336696896802,-0.49712255322166554,0.41903744989713637,53
QQQ,2000-,100,0.05,D,0.08380786136752172,-0.5252415014867455,0.4522936307324614,47
QQQ,2000-,100,0.05,W,0.07817345010154564,-0.5271886174495743,0.41323720658800195,47
QQQ,2000-,100,0.06,D,0.07972323926256442,-0.44120810631337515,0.4236639472473493,41
QQQ,2000-,100,0.06,W,0.06903379762460449,-0.5308073161334963,0.3593979834301492,41
QQQ,2000-,100,0.07,D,0.0943314980784673,-0.463250816540017,0.5071765798392669,33
QQQ,2000-,100,0.07,W,0.09019829771746357,-0.5099967310705026,0.4760108422123779,33
QQQ,2000-,100,0.08,D,0.07091591948410825,-0.5515819779085072,0.37879616056169135,33
QQQ,2000-,100,0.08,W,0.07166553245423835,-0.5256950055596025,0.37756543430132034,33
QQQ,2000-,150,0.0,D,0.07335269613145856,-0.6842306790047417,0.3947590824307909,221
QQQ,2000-,150,0.0,W,0.08251191559292992,-0.5162152487333174,0.43536807208643347,95
QQQ,2000-,150,0.005,D,0.0821499506011154,-0.6810054854289957,0.44302966675565597,149
QQQ,2000-,150,0.005,W,0.07720052314235937,-0.5493231448020426,0.4055751235572411,89
QQQ,2000-,150,0.01,D,0.08525718610987387,-0.6474343345134537,0.45796846716653283,101
QQQ,2000-,150,0.01,W,0.07181238367723464,-0.5342145592319352,0.37713683913012347,85
QQQ,2000-,150,0.015,D,0.07377319842359009,-0.6401499306008631,0.3940386082549933,93
QQQ,2000-,150,0.015,W,0.0659092201593956,-0.5572388543812337,0.3444705917084035,87
QQQ,2000-,150,0.02,D,0.07527658792045289,-0.5823318788622927,0.4019172410067413,79
QQQ,2000-,150,0.02,W,0.07737074507840713,-0.5509438244076106,0.4065476626402991,75
QQQ,2000-,150,0.025,D,0.08332187222569098,-0.5874256527198018,0.4465219112336956,63
QQQ,2000-,150,0.025,W,0.08078813120507289,-0.5504377130954003,0.424588123006767,61
QQQ,2000-,150,0.03,D,0.08744262871008224,-0.5878769344762236,0.4663331925345045,55
QQQ,2000-,150,0.03,W,0.07892343545694014,-0.5715480580730357,0.4135614568171825,55
QQQ,2000-,150,0.035,D,0.07520069971404064,-0.6094558177781295,0.40087939066583095,55
QQQ,2000-,150,0.035,W,0.07472160705628039,-0.573847657565215,0.3931317576552309,55
QQQ,2000-,150,0.04,D,0.07512256644804083,-0.5906403864967221,0.401631969090903,49
QQQ,2000-,150,0.04,W,0.0755013957244357,-0.5419392583733418,0.39903995290469585,49
QQQ,2000-,150,0.045,D,0.07467689984021764,-0.6172285136238896,0.39798105124786926,45
QQQ,2000-,150,0.045,W,0.07496176944119526,-0.5419392583733418,0.3951832568167113,45
QQQ,2000-,150,0.05,D,0.06764426368655108,-0.6381944084427682,0.3563153673824005,43
QQQ,2000-,150,0.05,W,0.07409272927248112,-0.5419392583733418,0.38961121890348827,43
QQQ,2000-,150,0.06,D,0.07486267818058434,-0.5701836646331188,0.39394817886776456,37
QQQ,2000-,150,0.06,W,0.08553921634901585,-0.5002722131350803,0.4453690198404633,37
QQQ,2000-,150,0.07,D,0.09427420729579028,-0.4510418269405778,0.5041489781022666,27
QQQ,2000-,150,0.07,W,0.09064435534402437,-0.4159521448340837,0.47830291941686215,27
QQQ,2000-,150,0.08,D,0.10982573490591507,-0.3354858904028799,0.5896437213631152,21
QQQ,2000-,150,0.08,W,0.10701282764948727,-0.3287759017419576,0.5662733593915918,21
QQQ,2000-,200,0.0,D,0.07865455234209939,-0.5190681579227505,0.4170215986865616,187
QQQ,2000-,200,0.0,W,0.09423032245634189,-0.4452800479755159,0.49678170394899746,83
QQQ,2000-,200,0.005,D,0.09841643522220256,-0.4215146981574288,0.5233754718626359,113
QQQ,2000-,200,0.005,W,0.09517988052398829,-0.44687623362159035,0.5017885151305296,77
QQQ,2000-,200,0.01,D,0.08830214853941909,-0.4873302370007372,0.4674923596550771,89
QQQ,2000-,200,0.01,W,0.0892948938886513,-0.45850085849557687,0.46829303173921427,73
QQQ,2000-,200,0.015,D,0.0873013159004532,-0.5060264245100079,0.4621191913672067,75
QQQ,2000-,200,0.015,W,0.09066533947112254,-0.45850085849557687,0.47542943333628657,63
QQQ,2000-,200,0.02,D,0.08786872461624129,-0.45999083218860437,0.464483587142931,63
QQQ,2000-,200,0.02,W,0.08287921288142797,-0.4317776494036455,0.4339253959684378,59
QQQ,2000-,200,0.025,D,0.09432425168615466,-0.46444989247866686,0.49894168677675016,51
QQQ,2000-,200,0.025,W,0.09294398278107097,-0.40585083784057063,0.4877748924723422,47
QQQ,2000-,200,0.03,D,0.094314048531557,-0.423081166310494,0.49835361145316037,47
QQQ,2000-,200,0.03,W,0.09026716784009547,-0.40585083784057063,0.4737085604494993,47
QQQ,2000-,200,0.035,D,0.08279744590347704,-0.5153661679009778,0.43834889129900845,47
QQQ,2000-,200,0.035,W,0.08883808321886044,-0.40262482906558916,0.46505925070252774,47
QQQ,2000-,200,0.04,D,0.08682498194648991,-0.4926573131175005,0.4618680159460727,41
QQQ,2000-,200,0.04,W,0.09153048381686868,-0.38915930086968664,0.47979105290184654,41
QQQ,2000-,200,0.045,D,0.08616421339997515,-0.4461809975391646,0.4563472969910812,39
QQQ,2000-,200,0.045,W,0.09201895971085383,-0.36464957795746333,0.4801321394711242,39
QQQ,2000-,200,0.05,D,0.0982833882151406,-0.40196541880225767,0.5205297814275657,29
QQQ,2000-,200,0.05,W,0.09714028828795063,-0.36464957795746333,0.5069056287063295,29
QQQ,2000-,200,0.06,D,0.10381934850539931,-0.40196541880225767,0.5470765134437934,25
QQQ,2000-,200,0.06,W,0.10575239404673553,-0.36464957795746333,0.5483387217601207,25
QQQ,2000-,200,0.07,D,0.09752783015944555,-0.40196541880225767,0.5126315537225272,25
QQQ,2000-,200,0.07,W,0.10063252748504814,-0.36464957795746333,0.5209745696933433,25
QQQ,2000-,200,0.08,D,0.08800858448503823,-0.40196541880225767,0.4593957552432527,23
QQQ,2000-,200,0.08,W,0.08631539391908993,-0.39344441735338387,0.44565893108099713,23
QQQ,2000-,250,0.0,D,0.08373575047204662,-0.3842397192248719,0.44715217558273956,147
QQQ,2000-,250,0.0,W,0.09651324922297477,-0.3646495779574632,0.511651386302644,77
QQQ,2000-,250,0.005,D,0.08666240997899544,-0.3842397192248719,0.46246427296272513,101
QQQ,2000-,250,0.005,W,0.10028588352650525,-0.3646495779574632,0.5317805940218406,67
QQQ,2000-,250,0.01,D,0.08793209892843312,-0.3842397192248719,0.46899121348281203,75
QQQ,2000-,250,0.01,W,0.10027108205142188,-0.3646495779574632,0.5294393544232315,55
QQQ,2000-,250,0.015,D,0.08497751274962773,-0.3842397192248719,0.45263896639205903,69
QQQ,2000-,250,0.015,W,0.09998151820901713,-0.3646495779574632,0.5266450242237769,51
QQQ,2000-,250,0.02,D,0.08546246371735089,-0.3842397192248719,0.4538238429716549,61
QQQ,2000-,250,0.02,W,0.09414726777935711,-0.3646495779574632,0.4943418899009069,49
QQQ,2000-,250,0.025,D,0.09203906978133358,-0.3842397192248719,0.49061530804322806,49
QQQ,2000-,250,0.025,W,0.09506167695835832,-0.3646495779574632,0.49956689632425616,47
QQQ,2000-,250,0.03,D,0.08949626791242404,-0.3741312050757222,0.4780277666727819,41
QQQ,2000-,250,0.03,W,0.08624101141975404,-0.39344441735338387,0.45489580345851116,41
QQQ,2000-,250,0.035,D,0.09871512574052099,-0.3646495779574632,0.5264093280468738,31
QQQ,2000-,250,0.035,W,0.09336004231873063,-0.3646495779574632,0.49083219596964456,31
QQQ,2000-,250,0.04,D,0.09687390337806878,-0.3646495779574632,0.5168547955102369,29
QQQ,2000-,250,0.04,W,0.08966151358542218,-0.3646495779574632,0.47188121766620483,29
QQQ,2000-,250,0.045,D,0.09819149588900022,-0.3646495779574632,0.5223313335674376,27
QQQ,2000-,250,0.045,W,0.09182402620016816,-0.3646495779574632,0.4821380654561769,27
QQQ,2000-,250,0.05,D,0.10140148451575381,-0.3646495779574632,0.5413358713880524,25
QQQ,2000-,250,0.05,W,0.09575552416122446,-0.3646495779574632,0.5044413423941512,25
QQQ,2000-,250,0.06,D,0.09439015833851316,-0.3646495779574632,0.5050109175749722,23
QQQ,2000-,250,0.06,W,0.09684726872830507,-0.3646495779574632,0.5125597565899372,23
QQQ,2000-,250,0.07,D,0.0898222004524325,-0.3646495779574632,0.4736141921081313,21
QQQ,2000-,250,0.07,W,0.08826143008359444,-0.3646495779574632,0.4628688893500938,21
QQQ,2000-,250,0.08,D,0.08477421372264105,-0.3646495779574632,0.44662310867787436,21
QQQ,2000-,250,0.08,W,0.08046524427880786,-0.3646495779574632,0.42146656285913153,21
QQQ,2001-,100,0.0,D,0.062094774010405196,-0.28965220192248575,0.3587773981906857,303
QQQ,2001-,100,0.0,W,0.0952751370122713,-0.2797014083559236,0.5617113876129042,131
QQQ,2001-,100,0.005,D,0.08117160046593952,-0.2692369795871751,0.47598622073557384,195
QQQ,2001-,100,0.005,W,0.09939158729753839,-0.2572757406551406,0.5842012496063981,127
QQQ,2001-,100,0.01,D,0.08126199551898705,-0.27724799353158114,0.4763519309750055,141
QQQ,2001-,100,0.01,W,0.10058880492804567,-0.294962471282495,0.5925110371915807,105
QQQ,2001-,100,0.015,D,0.0893472752035247,-0.2543908894202199,0.528528363253301,109
QQQ,2001-,100,0.015,W,0.09015608910369166,-0.2935521726946868,0.5228807592496858,95
QQQ,2001-,100,0.02,D,0.09290649980316923,-0.2738120109412898,0.5466315732358229,85
QQQ,2001-,100,0.02,W,0.08511128096632126,-0.2959418311367883,0.4891197612657429,79
QQQ,2001-,100,0.025,D,0.09332799477277276,-0.28116213646883015,0.5450023806755308,71
QQQ,2001-,100,0.025,W,0.0852506996919491,-0.2959418311367882,0.486971911546853,71
QQQ,2001-,100,0.03,D,0.08949238217445799,-0.28116213646883015,0.5207591213540884,67
QQQ,2001-,100,0.03,W,0.08401639047116416,-0.2959418311367882,0.47972774151090614,67
QQQ,2001-,100,0.035,D,0.09298556812059644,-0.28106214834328747,0.5424219249540094,55
QQQ,2001-,100,0.035,W,0.09672561000751312,-0.2813302884076637,0.5546091525918545,55
QQQ,2001-,100,0.04,D,0.09710077121444849,-0.29399882713440395,0.5629543241758961,51
QQQ,2001-,100,0.04,W,0.0970292806196702,-0.2758440991921626,0.5525052120481324,51
QQQ,2001-,100,0.045,D,0.09739668584656136,-0.3030793195764785,0.562959401044498,47
QQQ,2001-,100,0.045,W,0.09648697823679209,-0.30370523114128933,0.5475615274371871,47
QQQ,2001-,100,0.05,D,0.10100561994618218,-0.28837357256801266,0.5826011664112158,41
QQQ,2001-,100,0.05,W,0.09568474695326024,-0.28305321497663327,0.5398729962748511,41
QQQ,2001-,100,0.06,D,0.0910365845122354,-0.28207596387132516,0.5140688654675792,37
QQQ,2001-,100,0.06,W,0.08659787492441784,-0.28041033730292586,0.47948814031653986,37
QQQ,2001-,100,0.07,D,0.10867242848608138,-0.2649935233265577,0.621682855562781,29
QQQ,2001-,100,0.07,W,0.1089532381057956,-0.26600427401286164,0.6114730319235512,29
QQQ,2001-,100,0.08,D,0.09003288707712409,-0.33833116833821864,0.517146301091454,29
QQQ,2001-,100,0.08,W,0.09075476406222527,-0.37188920852185803,0.5106989511389466,29
QQQ,2001-,150,0.0,D,0.09453370647382942,-0.42331468170398034,0.5526345534879071,193
QQQ,2001-,150,0.0,W,0.09785246050220109,-0.2959418311367883,0.5577121208191594,85
QQQ,2001-,150,0.005,D,0.1051449490109071,-0.3996200647143553,0.6149333862607788,129
QQQ,2001-,150,0.005,W,0.09225734735829483,-0.2959418311367882,0.5230219443133016,79
QQQ,2001-,150,0.01,D,0.10957526585148303,-0.3455689851380108,0.6369335523433893,83
QQQ,2001-,150,0.01,W,0.08658248113655409,-0.29594183113678807,0.4913435281507458,75
QQQ,2001-,150,0.015,D,0.09512640916068205,-0.36651005519453095,0.55133785588302,79
QQQ,2001-,150,0.015,W,0.0816266763384792,-0.30628111555608895,0.4614345107589692,77
QQQ,2001-,150,0.02,D,0.09383746940888327,-0.31290441626500776,0.5436608750091299,69
QQQ,2001-,150,0.02,W,0.09622642723060171,-0.3106254340136426,0.5465929964027031,65
QQQ,2001-,150,0.025,D,0.10248657494645963,-0.29421534667140925,0.5959752417416979,53
QQQ,2001-,150,0.025,W,0.09933956143862144,-0.2959418311367884,0.5649211148449855,51
QQQ,2001-,150,0.03,D,0.10661808901480363,-0.2986722088567535,0.6176263533310636,47
QQQ,2001-,150,0.03,W,0.09598221191913159,-0.3008571272539946,0.5435335656197693,47
QQQ,2001-,150,0.035,D,0.09625262292309844,-0.3150944420117461,0.5575422454333785,47
QQQ,2001-,150,0.035,W,0.09177677578947696,-0.3008571272539946,0.5205930987949934,47
QQQ,2001-,150,0.04,D,0.09768647140249964,-0.31259486539417736,0.5687445359075666,41
QQQ,2001-,150,0.04,W,0.09259968418364162,-0.2993283965704917,0.5287297270752023,41
QQQ,2001-,150,0.045,D,0.0993882890014599,-0.32083937445285204,0.5771759786041375,37
QQQ,2001-,150,0.045,W,0.09203021588965221,-0.29932839657049215,0.5235677750926939,37
QQQ,2001-,150,0.05,D,0.09331221973445114,-0.26283471182283047,0.5342170806120057,35
QQQ,2001-,150,0.05,W,0.09111314002387605,-0.2959418311367885,0.5165187700167255,35
QQQ,2001-,150,0.06,D,0.09302123533903583,-0.29857623178257364,0.5328445065407007,31
QQQ,2001-,150,0.06,W,0.09947209108492938,-0.33482198593738166,0.5621309845341558,31
QQQ,2001-,150,0.07,D,0.1030066403797607,-0.27373887247262385,0.593244798321489,25
QQQ,2001-,150,0.07,W,0.09817608544697642,-0.2804103373029262,0.5560946899456548,25
QQQ,2001-,150,0.08,D,0.11929490365990114,-0.25175097398712676,0.6903215608688579,19
QQQ,2001-,150,0.08,W,0.1153019844849601,-0.28041033730292575,0.6555013977397062,19
QQQ,2001-,200,0.0,D,0.09270768389920181,-0.2728107302523143,0.5414607869886927,175
QQQ,2001-,200,0.0,W,0.10852873073818259,-0.2920673397539735,0.6277109981624721,77
QQQ,2001-,200,0.005,D,0.10980442665406698,-0.23930238850304886,0.6458386567075487,103
QQQ,2001-,200,0.005,W,0.10952803475900752,-0.29163214658704806,0.6334865785009202,71
QQQ,2001-,200,0.01,D,0.10282840802678228,-0.25579577522297237,0.6036060137775783,79
QQQ,2001-,200,0.01,W,0.10424549195541011,-0.2959418311367884,0.6025199858440832,67
QQQ,2001-,200,0.015,D,0.10336510505255636,-0.2694002568212871,0.6070921203224829,65
QQQ,2001-,200,0.015,W,0.10568868074614146,-0.31062543401364273,0.6107650933547752,57
QQQ,2001-,200,0.02,D,0.10147754845930512,-0.27191330201458563,0.5951520672289562,57
QQQ,2001-,200,0.02,W,0.09543962785231686,-0.3106254340136426,0.5502820606500882,53
QQQ,2001-,200,0.025,D,0.10826819850055958,-0.2720668021366788,0.6356133526355675,45
QQQ,2001-,200,0.025,W,0.10601805097358219,-0.2959418311367883,0.6136247104231026,41
QQQ,2001-,200,0.03,D,0.10754956682142236,-0.27898829114714063,0.6306048242950817,41
QQQ,2001-,200,0.03,W,0.10320425502969721,-0.2959418311367882,0.597247726164592,41
QQQ,2001-,200,0.035,D,0.10251179906518315,-0.2939988271344047,0.6011096889337986,41
QQQ,2001-,200,0.035,W,0.1014705671841305,-0.29594183113678807,0.5895066163100425,41
QQQ,2001-,200,0.04,D,0.10677207124835664,-0.25175097398712665,0.6304545864156622,35
QQQ,2001-,200,0.04,W,0.104300008413033,-0.3107421689051535,0.6073488899884258,35
QQQ,2001-,200,0.045,D,0.10051914310129861,-0.25175097398712665,0.5904799300947485,35
QQQ,2001-,200,0.045,W,0.10246293200217749,-0.29712457729185104,0.5933339485358406,35
QQQ,2001-,200,0.05,D,0.11463863051508372,-0.25175097398712665,0.6763301613317891,25
QQQ,2001-,200,0.05,W,0.10783431965459056,-0.29594183113678807,0.624951890497232,25
QQQ,2001-,200,0.06,D,0.12047557585260948,-0.25175097398712676,0.705436572430883,21
QQQ,2001-,200,0.06,W,0.11686911990959992,-0.29594183113678785,0.6716609491309469,21
QQQ,2001-,200,0.07,D,0.11384208185929579,-0.25175097398712665,0.6638026094897934,21
QQQ,2001-,200,0.07,W,0.11149763252880707,-0.29594183113678796,0.6387356380631053,21
QQQ,2001-,200,0.08,D,0.10366628424220936,-0.25327997969439553,0.6000792293251566,19
QQQ,2001-,200,0.08,W,0.10195009516692943,-0.27970102587789347,0.5823355485742174,19
QQQ,2001-,250,0.0,D,0.1018669519265869,-0.2943779804036907,0.5951040537008441,139
QQQ,2001-,250,0.0,W,0.10866465091231414,-0.26600427401286164,0.6291180761923764,75
QQQ,2001-,250,0.005,D,0.10422996047851751,-0.27916996333890565,0.6077941183867976,95
QQQ,2001-,250,0.005,W,0.11262734520047912,-0.26600427401286164,0.6522845427608926,65
QQQ,2001-,250,0.01,D,0.10557026243613188,-0.25688883297044796,0.6149649805212697,69
QQQ,2001-,250,0.01,W,0.11261179701676616,-0.2947770726509391,0.6482325953500072,53
QQQ,2001-,250,0.015,D,0.10351233863556542,-0.29020166369990086,0.6023958565605588,63
QQQ,2001-,250,0.015,W,0.11621070446315773,-0.30293964860382394,0.6677622008741081,49
QQQ,2001-,250,0.02,D,0.10109703971809769,-0.2707044479982058,0.5864170360098435,57
QQQ,2001-,250,0.02,W,0.11006131938660646,-0.30114644381701217,0.629539923244775,47
QQQ,2001-,250,0.025,D,0.10802801173147225,-0.25175097398712665,0.6296716610952818,45
QQQ,2001-,250,0.025,W,0.1110250361096825,-0.32562278549761403,0.6358633619498378,45
QQQ,2001-,250,0.03,D,0.10752002707302877,-0.27871631748234227,0.6242874328091181,37
QQQ,2001-,250,0.03,W,0.10790616579690648,-0.32562278549761237,0.6154479075857039,37
QQQ,2001-,250,0.035,D,0.1120464813339781,-0.27871631748234194,0.6544392689864794,29
QQQ,2001-,250,0.035,W,0.10923166951863816,-0.3256227854976129,0.625983614159189,29
QQQ,2001-,250,0.04,D,0.11241626144706829,-0.2919766415619316,0.6575834761592304,27
QQQ,2001-,250,0.04,W,0.10533413366084021,-0.32095518770718456,0.604681488172486,27
QQQ,2001-,250,0.045,D,0.11380439882480409,-0.2918258738814814,0.6627842336423774,25
QQQ,2001-,250,0.045,W,0.10761294261596777,-0.3075393735897768,0.6155750437516624,25
QQQ,2001-,250,0.05,D,0.1171865229112905,-0.25175097398712665,0.6859500740239785,23
QQQ,2001-,250,0.05,W,0.11175631836228939,-0.29594183113678796,0.6423081505350777,23
QQQ,2001-,250,0.06,D,0.10979971085256945,-0.25175097398712676,0.6450274460301628,21
QQQ,2001-,250,0.06,W,0.11290700205389248,-0.29594183113678796,0.6533129742295433,21
QQQ,2001-,250,0.07,D,0.10550345597095556,-0.25175097398712676,0.6073611302672334,19
QQQ,2001-,250,0.07,W,0.10385884953830349,-0.2959418311367883,0.5931316430648405,19
QQQ,2001-,250,0.08,D,0.10018464976794772,-0.25175097398712665,0.5762819848851874,19
QQQ,2001-,250,0.08,W,0.09564526784121163,-0.2959418311367882,0.545589565300177,19
QQQ,2022-,100,0.0,D,0.0971054333249195,-0.22488711473130252,0.4253275657540829,47
QQQ,2022-,100,0.0,W,0.1376389358481982,-0.20294632161914383,0.6586927071167203,23
QQQ,2022-,100,0.005,D,0.12221659453805156,-0.18338897892476447,0.574104372303418,31
QQQ,2022-,100,0.005,W,0.11119995994838594,-0.2072031869836244,0.5064149520507469,23
QQQ,2022-,100,0.01,D,0.1270887355114121,-0.18338897892476436,0.6091765245467032,23
QQQ,2022-,100,0.01,W,0.1166359225982243,-0.20294632161914428,0.5480471622039811,19
QQQ,2022-,100,0.015,D,0.12114014210116619,-0.17535436271867366,0.5784160272921106,23
QQQ,2022-,100,0.015,W,0.10496460959847864,-0.2101441071218525,0.47843138860473566,19
QQQ,2022-,100,0.02,D,0.1388448443791701,-0.17535436271867344,0.6827122834776127,17
QQQ,2022-,100,0.02,W,0.12572515595398692,-0.2101441071218525,0.6009223922101931,15
QQQ,2022-,100,0.025,D,0.12919322151317036,-0.17535436271867366,0.6225608714064629,15
QQQ,2022-,100,0.025,W,0.10586380933227124,-0.2101441071218525,0.4785177878951357,15
QQQ,2022-,100,0.03,D,0.13255424267521376,-0.1753543627186741,0.635176993572775,13
QQQ,2022-,100,0.03,W,0.10722101292523245,-0.2101441071218525,0.4825557682813203,13
QQQ,2022-,100,0.035,D,0.118280424121747,-0.17535436271867388,0.5474574326247427,13
QQQ,2022-,100,0.035,W,0.10956470831021581,-0.21559367650686123,0.49201035222513895,13
QQQ,2022-,100,0.04,D,0.10129376064660667,-0.1945152105013186,0.4437702915021579,13
QQQ,2022-,100,0.04,W,0.0877704992907149,-0.25038677517017527,0.3629576088650673,13
QQQ,2022-,100,0.045,D,0.09009162196967324,-0.2306657996728514,0.37811996224564215,13
QQQ,2022-,100,0.045,W,0.07683418527970454,-0.2798405445215312,0.2987224154429522,13
QQQ,2022-,100,0.05,D,0.09889368665229004,-0.2306657996728514,0.42509525942589566,11
QQQ,2022-,100,0.05,W,0.08709395505498585,-0.2798405445215312,0.35567364789206457,11
QQQ,2022-,100,0.06,D,0.06658891495080455,-0.2788589143105227,0.23768443387075733,11
QQQ,2022-,100,0.06,W,0.07040813954694225,-0.25477016499971994,0.260085527229512,11
QQQ,2022-,100,0.07,D,0.12077374650288619,-0.174809306157783,0.563843043583989,7
QQQ,2022-,100,0.07,W,0.12636623995063423,-0.16347124240843602,0.5968788838042558,7
QQQ,2022-,100,0.08,D,0.11855911175012301,-0.15812177489382184,0.5506977109785391,7
QQQ,2022-,100,0.08,W,0.12990627577341818,-0.15081661772727384,0.6132585857304172,7
QQQ,2022-,150,0.0,D,0.15763836436380707,-0.1343843103827751,0.7810844021695481,29
QQQ,2022-,150,0.0,W,0.13336834982220136,-0.19125172420354486,0.635014583350288,15
QQQ,2022-,150,0.005,D,0.1657042934769044,-0.13438431038277499,0.823763132453893,17
QQQ,2022-,150,0.005,W,0.13018855544560215,-0.20198575240856353,0.6130367720037057,13
QQQ,2022-,150,0.01,D,0.15997406827426008,-0.14547619802226652,0.7924860708488339,13
QQQ,2022-,150,0.01,W,0.11615086287795773,-0.20198575240856353,0.5337902469164723,13
QQQ,2022-,150,0.015,D,0.15449317512406457,-0.1594849344835111,0.7609811089357305,13
QQQ,2022-,150,0.015,W,0.11615086287795773,-0.20198575240856353,0.5337902469164723,13
QQQ,2022-,150,0.02,D,0.1418805218173489,-0.15948493448351142,0.689148371358459,13
QQQ,2022-,150,0.02,W,0.12056517615257034,-0.17420507147917375,0.5598686553850286,13
QQQ,2022-,150,0.025,D,0.14122022419154634,-0.151305968084247,0.6770928595702314,11
QQQ,2022-,150,0.025,W,0.13096446183457067,-0.17420507147917375,0.6128472608388417,11
QQQ,2022-,150,0.03,D,0.16825316883989294,-0.13557727917679308,0.8299979378841899,7
QQQ,2022-,150,0.03,W,0.15658905402201806,-0.13986993672974324,0.7598414578296163,7
QQQ,2022-,150,0.035,D,0.1566245501028991,-0.14245560558678028,0.7702011674926618,7
QQQ,2022-,150,0.035,W,0.14820914398431562,-0.16347124240843602,0.7190382806735781,7
QQQ,2022-,150,0.04,D,0.13522514960291487,-0.174809306157783,0.644767812049594,7
QQQ,2022-,150,0.04,W,0.1384264000321851,-0.16347124240843602,0.661111259739162,7
QQQ,2022-,150,0.045,D,0.1363622351789351,-0.174809306157783,0.6509342149283646,7
QQQ,2022-,150,0.045,W,0.1384264000321851,-0.16347124240843602,0.661111259739162,7
QQQ,2022-,150,0.05,D,0.13026145815094647,-0.16754358040871054,0.619692498913562,7
QQQ,2022-,150,0.05,W,0.13171948791578347,-0.16347124240843602,0.6256359747492832,7
QQQ,2022-,150,0.06,D,0.1253132312543832,-0.16754358040871054,0.5894410578366946,7
QQQ,2022-,150,0.06,W,0.13175850723142513,-0.16347124240843602,0.6266476009076022,7
QQQ,2022-,150,0.07,D,0.10684686379908381,-0.18753882872677452,0.4733971844873541,7
QQQ,2022-,150,0.07,W,0.08492266810591942,-0.24220492354655343,0.3432569384858301,7
QQQ,2022-,150,0.08,D,0.13803427960651216,-0.18753882872677452,0.6432760102714482,5
QQQ,2022-,150,0.08,W,0.12110978432066721,-0.24220492354655343,0.5421382988630407,5
QQQ,2022-,200,0.0,D,0.14953086594506892,-0.1984844712341889,0.7210884581559547,21
QQQ,2022-,200,0.0,W,0.15830445162365425,-0.14037210412464984,0.776458467595168,9
QQQ,2022-,200,0.005,D,0.18079358633316778,-0.13633649676660997,0.8992983698439295,11
QQQ,2022-,200,0.005,W,0.17360015667581385,-0.13986993672974324,0.858089797631724,7
QQQ,2022-,200,0.01,D,0.17148309099567305,-0.13986993672974324,0.8428580239519197,7
QQQ,2022-,200,0.01,W,0.17142900183183873,-0.13986993672974324,0.8394878041910855,7
QQQ,2022-,200,0.015,D,0.17148309099567305,-0.13986993672974324,0.8428580239519197,7
QQQ,2022-,200,0.015,W,0.17142900183183873,-0.13986993672974324,0.8394878041910855,7
QQQ,2022-,200,0.02,D,0.14896228183999738,-0.174809306157783,0.720971426865712,7
QQQ,2022-,200,0.02,W,0.15303330669713255,-0.16347124240843602,0.7415216684448078,7
QQQ,2022-,200,0.025,D,0.14896228183999738,-0.174809306157783,0.720971426865712,7
QQQ,2022-,200,0.025,W,0.15303330669713255,-0.16347124240843602,0.7415216684448078,7
QQQ,2022-,200,0.03,D,0.1457492294669369,-0.174809306157783,0.7035200148727971,7
QQQ,2022-,200,0.03,W,0.1384264000321851,-0.16347124240843602,0.661111259739162,7
QQQ,2022-,200,0.035,D,0.14637485329015387,-0.16754358040871054,0.707211533206156,7
QQQ,2022-,200,0.035,W,0.1384264000321851,-0.16347124240843602,0.661111259739162,7
QQQ,2022-,200,0.04,D,0.1476922796815896,-0.15070911701560907,0.7132573093921745,7
QQQ,2022-,200,0.04,W,0.14342153988024675,-0.15081661772727384,0.6863373841245354,7
QQQ,2022-,200,0.045,D,0.14486497618791816,-0.15070911701560907,0.6964934813572248,7
QQQ,2022-,200,0.045,W,0.14342153988024675,-0.15081661772727384,0.6863373841245354,7
QQQ,2022-,200,0.05,D,0.12597955157998775,-0.19685991509857692,0.5775538636614133,7
QQQ,2022-,200,0.05,W,0.10533820359366897,-0.24695539077775663,0.4559114255210186,7
QQQ,2022-,200,0.06,D,0.14533714616239513,-0.1924990274602979,0.6792346478822509,5
QQQ,2022-,200,0.06,W,0.1367642252869814,-0.24695539077775663,0.6231966637689023,5
QQQ,2022-,200,0.07,D,0.13497231267530774,-0.1957938006834874,0.6110700367219106,5
QQQ,2022-,200,0.07,W,0.12277485337445837,-0.24240666779123632,0.5375112295431631,5
QQQ,2022-,200,0.08,D,0.10960911515117688,-0.20717756128267995,0.4808558812342718,5
QQQ,2022-,200,0.08,W,0.10371452778341461,-0.24220492354655332,0.44333538297554853,5
QQQ,2022-,250,0.0,D,0.11674295772824372,-0.2912160567265334,0.5263656668931068,29
QQQ,2022-,250,0.0,W,0.13708418392692434,-0.24840098169527625,0.643704208366641,17
QQQ,2022-,250,0.005,D,0.11211350208003901,-0.2759398918603697,0.49898830201709604,21
QQQ,2022-,250,0.005,W,0.1431762286485252,-0.22905748233235568,0.6798979985125949,13
QQQ,2022-,250,0.01,D,0.11554932949173358,-0.23506398414962748,0.5214877236371728,15
QQQ,2022-,250,0.01,W,0.13292818853240052,-0.22673179945042177,0.623511209385184,13
QQQ,2022-,250,0.015,D,0.11869925298136952,-0.22038098703780795,0.5381950745012987,15
QQQ,2022-,250,0.015,W,0.14618717967885408,-0.21046281480318796,0.6917887568309039,11
QQQ,2022-,250,0.02,D,0.11568986842802631,-0.23604241769427148,0.5198423512008582,15
QQQ,2022-,250,0.02,W,0.14618717967885408,-0.21046281480318796,0.6917887568309039,11
QQQ,2022-,250,0.025,D,0.13095706328590317,-0.24691682356486477,0.6056124416694137,11
QQQ,2022-,250,0.025,W,0.13884478463835404,-0.2251017982613519,0.6486465942494843,11
QQQ,2022-,250,0.03,D,0.1455145479784541,-0.1875388287267744,0.6713108684908045,7
QQQ,2022-,250,0.03,W,0.1224416282722467,-0.2469553907777572,0.540271930463582,7
QQQ,2022-,250,0.035,D,0.1444432612846005,-0.1875388287267744,0.6860807689832522,5
QQQ,2022-,250,0.035,W,0.13161679539920002,-0.24695539077775686,0.6053506395929792,5
QQQ,2022-,250,0.04,D,0.1444432612846005,-0.1875388287267744,0.6860807689832522,5
QQQ,2022-,250,0.04,W,0.13161679539920002,-0.24695539077775686,0.6053506395929792,5
QQQ,2022-,250,0.045,D,0.13768565971147262,-0.19685991509857714,0.6333987580384166,5
QQQ,2022-,250,0.045,W,0.12149989608363976,-0.24695539077775663,0.5391726414133531,5
QQQ,2022-,250,0.05,D,0.13878023258827832,-0.1968599150985768,0.6397711264304817,5
QQQ,2022-,250,0.05,W,0.12427578036308606,-0.24695539077775686,0.5510081817244128,5
QQQ,2022-,250,0.06,D,0.12012408062795998,-0.20717756128267995,0.536187323957817,5
QQQ,2022-,250,0.06,W,0.1191260728082566,-0.24695539077775674,0.5245037511078815,5
QQQ,2022-,250,0.07,D,0.10445459541948199,-0.24695539077775663,0.4451132140516222,5
QQQ,2022-,250,0.07,W,0.1191260728082566,-0.24695539077775674,0.5245037511078815,5
QQQ,2022-,250,0.08,D,0.09362117528109382,-0.250027970624353,0.3869446194874538,5
QQQ,2022-,250,0.08,W,0.11257122421742105,-0.24240666779123632,0.49119712154740464,5
S&P500지수,1930-1993(SPY 이전),100,0.0,D,0.06672243763375674,-0.40279178159524043,0.32458444594505564,621
S&P500지수,1930-1993(SPY 이전),100,0.0,W,0.07046751292758224,-0.3959834752287157,0.352079588494295,323
S&P500지수,1930-1993(SPY 이전),100,0.005,D,0.0665822496247197,-0.39639384375586484,0.32438674765657965,369
S&P500지수,1930-1993(SPY 이전),100,0.005,W,0.06456531609426563,-0.3855939331512801,0.308653661417005,297
S&P500지수,1930-1993(SPY 이전),100,0.01,D,0.059763546386975896,-0.4568935673531056,0.27074778423452867,289
S&P500지수,1930-1993(SPY 이전),100,0.01,W,0.06003410780392926,-0.3969751950746587,0.27240840981704934,269
S&P500지수,1930-1993(SPY 이전),100,0.015,D,0.0647727745944866,-0.46887419591666724,0.31085893300451,213
S&P500지수,1930-1993(SPY 이전),100,0.015,W,0.06312632977082244,-0.41101764177266276,0.29665923785290005,201
S&P500지수,1930-1993(SPY 이전),100,0.02,D,0.0669756781836166,-0.41689042155536615,0.32741385281412294,165
S&P500지수,1930-1993(SPY 이전),100,0.02,W,0.06569436051765787,-0.37865328253710084,0.31556025577436647,161
S&P500지수,1930-1993(SPY 이전),100,0.025,D,0.07394068006633647,-0.4171355416900524,0.3807415894178586,137
S&P500지수,1930-1993(SPY 이전),100,0.025,W,0.07057242925146756,-0.3734096318088703,0.352931842908879,131
S&P500지수,1930-1993(SPY 이전),100,0.03,D,0.0733746629090557,-0.3939773273835684,0.3742415074327056,119
S&P500지수,1930-1993(SPY 이전),100,0.03,W,0.06903474399988241,-0.34912858488783616,0.34077591235760596,115
S&P500지수,1930-1993(SPY 이전),100,0.035,D,0.07532104122270677,-0.3879176258270972,0.3874613353932964,103
S&P500지수,1930-1993(SPY 이전),100,0.035,W,0.06716643347948792,-0.3734706655385438,0.32384205089873747,103
S&P500지수,1930-1993(SPY 이전),100,0.04,D,0.07131669945842778,-0.38943021981305215,0.3569411177749664,99
S&P500지수,1930-1993(SPY 이전),100,0.04,W,0.06166576319026662,-0.4072924724676913,0.2831486785573417,99
S&P500지수,1930-1993(SPY 이전),100,0.045,D,0.07264726826757406,-0.38479499655217153,0.36328035933445174,87
S&P500지수,1930-1993(SPY 이전),100,0.045,W,0.0603110547227006,-0.4513540035023743,0.2701274024096042,87
S&P500지수,1930-1993(SPY 이전),100,0.05,D,0.06894179474082973,-0.39243960814844825,0.33404697271863176,81
S&P500지수,1930-1993(SPY 이전),100,0.05,W,0.05888537547331851,-0.48989512479046815,0.25848026775219984,81
S&P500지수,1930-1993(SPY 이전),100,0.06,D,0.061183793163657185,-0.44622318564311547,0.275861685296579,71
S&P500지수,1930-1993(SPY 이전),100,0.06,W,0.05587347676615395,-0.45185694103215146,0.23507547680396615,71
S&P500지수,1930-1993(SPY 이전),100,0.07,D,0.05858265818530706,-0.48544864685909017,0.2546222345711772,59
S&P500지수,1930-1993(SPY 이전),100,0.07,W,0.051309820991250144,-0.49378627382891116,0.19962592680593208,59
S&P500지수,1930-1993(SPY 이전),100,0.08,D,0.06550426839837331,-0.4262720126095124,0.3032605672969604,43
S&P500지수,1930-1993(SPY 이전),100,0.08,W,0.05978559357901658,-0.4627771717028579,0.2603534456719243,43
S&P500지수,1930-1993(SPY 이전),150,0.0,D,0.07662465053676315,-0.42741976414054994,0.39977111828920664,443
S&P500지수,1930-1993(SPY 이전),150,0.0,W,0.0670047618825762,-0.43051438157942656,0.32455293829344917,229
S&P500지수,1930-1993(SPY 이전),150,0.005,D,0.07600618045748986,-0.39102162063610335,0.3951334690834015,249
S&P500지수,1930-1993(SPY 이전),150,0.005,W,0.06347845732448198,-0.42368305966146524,0.2972594071926093,205
S&P500지수,1930-1993(SPY 이전),150,0.01,D,0.07632319319545688,-0.3896368761238629,0.39781302189203904,179
S&P500지수,1930-1993(SPY 이전),150,0.01,W,0.06529470511791491,-0.40091961026069833,0.3117390814004201,165
S&P500지수,1930-1993(SPY 이전),150,0.015,D,0.07484676029659765,-0.3778916371459218,0.3857658048772202,149
S&P500지수,1930-1993(SPY 이전),150,0.015,W,0.06527172980854878,-0.42290424805179705,0.3114088460937046,143
S&P500지수,1930-1993(SPY 이전),150,0.02,D,0.06768314591318014,-0.41882190562683463,0.3310026967139238,131
S&P500지수,1930-1993(SPY 이전),150,0.02,W,0.06211894070506374,-0.4347425834252626,0.2869836924070536,131
S&P500지수,1930-1993(SPY 이전),150,0.025,D,0.06870449941980583,-0.4271917172716496,0.33781862952621916,109
S&P500지수,1930-1993(SPY 이전),150,0.025,W,0.06351030998148666,-0.4457451504520441,0.2969373718283674,109
S&P500지수,1930-1993(SPY 이전),150,0.03,D,0.07135984232630221,-0.3732236192339228,0.3591320266071818,93
S&P500지수,1930-1993(SPY 이전),150,0.03,W,0.06794709768085339,-0.39413202993386853,0.331215381459885,93
S&P500지수,1930-1993(SPY 이전),150,0.035,D,0.06785481497953927,-0.42402933935166465,0.3308455163096262,87
S&P500지수,1930-1993(SPY 이전),150,0.035,W,0.06569276337007701,-0.4423203720284362,0.31449554643673433,87
S&P500지수,1930-1993(SPY 이전),150,0.04,D,0.06938857365400986,-0.4563827549352467,0.34083449603300403,73
S&P500지수,1930-1993(SPY 이전),150,0.04,W,0.06748682449408339,-0.4581554587589084,0.3269752065676468,73
S&P500지수,1930-1993(SPY 이전),150,0.045,D,0.06744833832995978,-0.42913259075109855,0.32575323703955505,69
S&P500지수,1930-1993(SPY 이전),150,0.045,W,0.06561429309231559,-0.42283895375353864,0.3113271244987216,69
S&P500지수,1930-1993(SPY 이전),150,0.05,D,0.06348133774953424,-0.4137895390837574,0.29531243297806153,69
S&P500지수,1930-1993(SPY 이전),150,0.05,W,0.06043903645050541,-0.4330002303955418,0.2717968428058083,69
S&P500지수,1930-1993(SPY 이전),150,0.06,D,0.057574639741702294,-0.413946523910098,0.24863532701647179,61
S&P500지수,1930-1993(SPY 이전),150,0.06,W,0.05229561514632919,-0.4512091777412568,0.20822454034967386,61
S&P500지수,1930-1993(SPY 이전),150,0.07,D,0.06288688746926718,-0.4138835222187489,0.2886016295513114,49
S&P500지수,1930-1993(SPY 이전),150,0.07,W,0.057023790986625356,-0.4512091777412567,0.24425116978514097,49
S&P500지수,1930-1993(SPY 이전),150,0.08,D,0.057669042642875645,-0.45305390868302975,0.245805950012892,41
S&P500지수,1930-1993(SPY 이전),150,0.08,W,0.05512924231475269,-0.5075345495345946,0.2265257417768183,41
S&P500지수,1930-1993(SPY 이전),200,0.0,D,0.07253158255835102,-0.5395286379800468,0.36583472153029745,361
S&P500지수,1930-1993(SPY 이전),200,0.0,W,0.07411755321364955,-0.4781200586179084,0.37857332754061196,179
S&P500지수,1930-1993(SPY 이전),200,0.005,D,0.07333615698548668,-0.5450801925801663,0.37160423093226275,205
S&P500지수,1930-1993(SPY 이전),200,0.005,W,0.07183947407442437,-0.4715331087293526,0.3611861722298478,163
S&P500지수,1930-1993(SPY 이전),200,0.01,D,0.07172419404362884,-0.5286464914572138,0.36027163416677604,155
S&P500지수,1930-1993(SPY 이전),200,0.01,W,0.0697517151208984,-0.4715331087293525,0.34502308980958746,135
S&P500지수,1930-1993(SPY 이전),200,0.015,D,0.07298340549277649,-0.5028334911505438,0.3700070397405561,125
S&P500지수,1930-1993(SPY 이전),200,0.015,W,0.0685154799313854,-0.4752456158958931,0.3371367744188495,115
S&P500지수,1930-1993(SPY 이전),200,0.02,D,0.07076322272707758,-0.49657494491440357,0.3530368761127717,107
S&P500지수,1930-1993(SPY 이전),200,0.02,W,0.06927011620878654,-0.4752456158958931,0.3424278423861581,103
S&P500지수,1930-1993(SPY 이전),200,0.025,D,0.07090545141924531,-0.49657494491440357,0.3528610908309226,87
S&P500지수,1930-1993(SPY 이전),200,0.025,W,0.07088560659740417,-0.4752456158958931,0.3536497302906946,83
S&P500지수,1930-1993(SPY 이전),200,0.03,D,0.07073919637350268,-0.5107875435773147,0.3509106122229215,81
S&P500지수,1930-1993(SPY 이전),200,0.03,W,0.06890363397434074,-0.4752456158958931,0.3367933859042306,77
S&P500지수,1930-1993(SPY 이전),200,0.035,D,0.07124537254901853,-0.5384093136816617,0.35397723540822756,69
S&P500지수,1930-1993(SPY 이전),200,0.035,W,0.07129055742438695,-0.4634743564372402,0.3545263567231857,69
S&P500지수,1930-1993(SPY 이전),200,0.04,D,0.07172149962968555,-0.48965700165120285,0.35756366914249116,65
S&P500지수,1930-1993(SPY 이전),200,0.04,W,0.07217926709434752,-0.4185999090751438,0.36120935821641537,65
S&P500지수,1930-1993(SPY 이전),200,0.045,D,0.07126060738141149,-0.449315104563381,0.3518021677932485,59
S&P500지수,1930-1993(SPY 이전),200,0.045,W,0.06774762825944891,-0.4185999090751438,0.3259246384596565,59
S&P500지수,1930-1993(SPY 이전),200,0.05,D,0.06553896714715712,-0.44478172696017426,0.30767834374602526,57
S&P500지수,1930-1993(SPY 이전),200,0.05,W,0.06221895793450649,-0.40190760631318745,0.2824545349889859,57
S&P500지수,1930-1993(SPY 이전),200,0.06,D,0.05817312281627762,-0.3970673457632464,0.2505661473057098,53
S&P500지수,1930-1993(SPY 이전),200,0.06,W,0.053929116981918046,-0.41296878227002554,0.2179128855316584,53
S&P500지수,1930-1993(SPY 이전),200,0.07,D,0.05371560836060807,-0.39373730783432204,0.21711952690213027,49
S&P500지수,1930-1993(SPY 이전),200,0.07,W,0.051145823719147776,-0.4102320573235575,0.19699666535956895,49
S&P500지수,1930-1993(SPY 이전),200,0.08,D,0.05493353437050774,-0.38319528117725676,0.22526370318305064,39
S&P500지수,1930-1993(SPY 이전),200,0.08,W,0.05398692427946994,-0.42317144159518405,0.21738509741666848,39
S&P500지수,1930-1993(SPY 이전),250,0.0,D,0.07561367616657355,-0.47336621675277,0.39677414604905265,297
S&P500지수,1930-1993(SPY 이전),250,0.0,W,0.06961665664561512,-0.5280150188376865,0.34807074612095806,165
S&P500지수,1930-1993(SPY 이전),250,0.005,D,0.07169635453377943,-0.4980216345385189,0.3667016006531319,185
S&P500지수,1930-1993(SPY 이전),250,0.005,W,0.06542132045567484,-0.5478741467619485,0.31442906744938104,157
S&P500지수,1930-1993(SPY 이전),250,0.01,D,0.06750331848306734,-0.49019042873030594,0.3329204312095386,145
S&P500지수,1930-1993(SPY 이전),250,0.01,W,0.06514581467637481,-0.5478741467619485,0.3114227543954306,135
S&P500지수,1930-1993(SPY 이전),250,0.015,D,0.07258612347157922,-0.4967686106756092,0.3726173417908054,95
S&P500지수,1930-1993(SPY 이전),250,0.015,W,0.06742713347224294,-0.5478741467619485,0.32974576130000666,95
S&P500지수,1930-1993(SPY 이전),250,0.02,D,0.06677059207238134,-0.5799774702185377,0.32156948042206973,77
S&P500지수,1930-1993(SPY 이전),250,0.02,W,0.0668046073196853,-0.5413873807422772,0.319501357828743,77
S&P500지수,1930-1993(SPY 이전),250,0.025,D,0.06923377618544957,-0.5482072402408155,0.34050425413893465,67
S&P500지수,1930-1993(SPY 이전),250,0.025,W,0.06951522931485399,-0.5152473074001942,0.3401022273991153,67
S&P500지수,1930-1993(SPY 이전),250,0.03,D,0.06918128886395669,-0.5277641487884349,0.3397858359637076,61
S&P500지수,1930-1993(SPY 이전),250,0.03,W,0.06800602895516383,-0.5152473074001942,0.3285664533180696,61
S&P500지수,1930-1993(SPY 이전),250,0.035,D,0.06183377403947388,-0.5342243771692272,0.28426346746632575,61
S&P500지수,1930-1993(SPY 이전),250,0.035,W,0.0584701708246691,-0.5281168504977345,0.2569789589385718,61
S&P500지수,1930-1993(SPY 이전),250,0.04,D,0.06093576082824481,-0.5341653861689075,0.27697683444907145,59
S&P500지수,1930-1993(SPY 이전),250,0.04,W,0.057098824474598686,-0.5397682751419438,0.24596200729173429,59
S&P500지수,1930-1993(SPY 이전),250,0.045,D,0.05985687294628761,-0.5214646340155102,0.2667813387900619,55
S&P500지수,1930-1993(SPY 이전),250,0.045,W,0.055846863889053466,-0.5385948433220845,0.23490199771821815,55
S&P500지수,1930-1993(SPY 이전),250,0.05,D,0.05779509024670193,-0.49382867339614567,0.251068731269862,53
S&P500지수,1930-1993(SPY 이전),250,0.05,W,0.053148295290919245,-0.5014528143510326,0.21452805218744742,53
S&P500지수,1930-1993(SPY 이전),250,0.06,D,0.05082230937766785,-0.49382867339614567,0.1971298618059684,49
S&P500지수,1930-1993(SPY 이전),250,0.06,W,0.049438078539540964,-0.5014528143510326,0.1860935373919498,49
S&P500지수,1930-1993(SPY 이전),250,0.07,D,0.05173690347239113,-0.4314770639908728,0.20441417958000282,45
S&P500지수,1930-1993(SPY 이전),250,0.07,W,0.05020297935562801,-0.4463999922952313,0.19244602915628692,45
S&P500지수,1930-1993(SPY 이전),250,0.08,D,0.05445395818979404,-0.4766384863650984,0.22519481424410845,37
S&P500지수,1930-1993(SPY 이전),250,0.08,W,0.05601987327613611,-0.4636700412892235,0.23625645401241827,37
S&P500지수,1930-,100,0.0,D,0.060131882535175096,-0.5168277441315505,0.3004672921703098,989
S&P500지수,1930-,100,0.0,W,0.06675615443769378,-0.43749474508351804,0.3508609346061767,483
S&P500지수,1930-,100,0.005,D,0.06289065585384446,-0.4726122608782314,0.3234112113094298,581
S&P500지수,1930-,100,0.005,W,0.061770244015293185,-0.38591336688077216,0.31353761385889667,451
S&P500지수,1930-,100,0.01,D,0.057067898409864704,-0.4591563403963346,0.2761807433827262,451
S&P500지수,1930-,100,0.01,W,0.058878890117974425,-0.3969751950746587,0.2897398502522143,409
S&P500지수,1930-,100,0.015,D,0.06125365854414655,-0.47750792900022454,0.31024634779354293,341
S&P500지수,1930-,100,0.015,W,0.06130009462923458,-0.41101764177266276,0.3090314764117649,319
S&P500지수,1930-,100,0.02,D,0.06296094869488233,-0.44887432839919494,0.32309094434978647,269
S&P500지수,1930-,100,0.02,W,0.061937622079325516,-0.38673329921670785,0.3129077232412961,263
S&P500지수,1930-,100,0.025,D,0.06634140304325564,-0.4368604712843206,0.3486780493984643,225
S&P500지수,1930-,100,0.025,W,0.06482300102405025,-0.3734096318088703,0.3350648547967749,219
S&P500지수,1930-,100,0.03,D,0.06389406200167924,-0.4979065269556867,0.32774269698448,201
S&P500지수,1930-,100,0.03,W,0.06315349830134331,-0.4129559477715673,0.32175802605405307,197
S&P500지수,1930-,100,0.035,D,0.06661161026615003,-0.3916892398900249,0.3480902311944651,173
S&P500지수,1930-,100,0.035,W,0.06276791864349329,-0.3734706655385438,0.3167864869742997,173
S&P500지수,1930-,100,0.04,D,0.06361413815710204,-0.419043344099163,0.3240013371999768,163
S&P500지수,1930-,100,0.04,W,0.05873018981230271,-0.4072924724676913,0.28521286458441114,163
S&P500지수,1930-,100,0.045,D,0.07254141900372257,-0.38479499655217153,0.39102735594700727,133
S&P500지수,1930-,100,0.045,W,0.06518929192553546,-0.4513540035023743,0.3337497313303971,133
S&P500지수,1930-,100,0.05,D,0.072331301529454,-0.39243960814844825,0.38897940346405036,117
S&P500지수,1930-,100,0.05,W,0.06665062617456852,-0.48989512479046815,0.34487249092517835,117
S&P500지수,1930-,100,0.06,D,0.06678131120702302,-0.44622318564311547,0.3442313209036647,101
S&P500지수,1930-,100,0.06,W,0.06449548293052221,-0.45185694103215146,0.32583271679592646,101
S&P500지수,1930-,100,0.07,D,0.06881491114090932,-0.48544864685909017,0.35548108415297835,79
S&P500지수,1930-,100,0.07,W,0.06388223820375827,-0.49378627382891116,0.31578322550130256,79
S&P500지수,1930-,100,0.08,D,0.06687085760872402,-0.4262720126095124,0.3390484208710836,63
S&P500지수,1930-,100,0.08,W,0.06078425326853565,-0.4627771717028579,0.29079385035641997,63
S&P500지수,1930-,150,0.0,D,0.06811749114258525,-0.42741976414054994,0.36158054438724657,765
S&P500지수,1930-,150,0.0,W,0.06493736835899022,-0.43051438157942656,0.335127638627475,383
S&P500지수,1930-,150,0.005,D,0.07170260280717233,-0.39102162063610335,0.39015014284588184,433
S&P500지수,1930-,150,0.005,W,0.0653795131755226,-0.42368305966146524,0.33879462874169847,331
S&P500지수,1930-,150,0.01,D,0.06964982505643325,-0.3896368761238629,0.373296174939337,317
S&P500지수,1930-,150,0.01,W,0.06387449896264763,-0.40091961026069833,0.3271383962454265,283
S&P500지수,1930-,150,0.015,D,0.07163212010953846,-0.38721664805482325,0.38873795894179586,247
S&P500지수,1930-,150,0.015,W,0.06481965349448426,-0.42290424805179705,0.33451810520523895,241
S&P500지수,1930-,150,0.02,D,0.06863759618861076,-0.41882190562683463,0.3650394061731545,205
S&P500지수,1930-,150,0.02,W,0.06436924799028598,-0.4347425834252626,0.33034359037876027,205
S&P500지수,1930-,150,0.025,D,0.07179007554054007,-0.4271917172716496,0.389113255128628,165
S&P500지수,1930-,150,0.025,W,0.06720270184650623,-0.4457451504520441,0.35214477335906536,165
S&P500지수,1930-,150,0.03,D,0.07472396229364531,-0.3732236192339228,0.41218264976820707,139
S&P500지수,1930-,150,0.03,W,0.07299439410654385,-0.39413202993386853,0.3970749575285031,139
S&P500지수,1930-,150,0.035,D,0.07451669366568558,-0.42402933935166465,0.40896512781296784,125
S&P500지수,1930-,150,0.035,W,0.07382184385081669,-0.4423203720284362,0.40324345339324785,125
S&P500지수,1930-,150,0.04,D,0.07504589761077018,-0.4563827549352467,0.41233883184477244,109
S&P500지수,1930-,150,0.04,W,0.07413261618552625,-0.4581554587589084,0.40519527345400386,109
S&P500지수,1930-,150,0.045,D,0.07419606646724586,-0.42913259075109855,0.4027499837069997,99
S&P500지수,1930-,150,0.045,W,0.07248630472465267,-0.42283895375353864,0.38637723530011303,99
S&P500지수,1930-,150,0.05,D,0.07102888634474058,-0.4137895390837574,0.3783082677328156,97
S&P500지수,1930-,150,0.05,W,0.06858539586240431,-0.4330002303955418,0.35685075152136264,97
S&P500지수,1930-,150,0.06,D,0.06623659675985683,-0.413946523910098,0.338170866071313,85
S&P500지수,1930-,150,0.06,W,0.06343327845474889,-0.4512091777412568,0.31438024469045367,85
S&P500지수,1930-,150,0.07,D,0.06935557939842907,-0.4138835222187489,0.3611043103599197,69
S&P500지수,1930-,150,0.07,W,0.06321531483250897,-0.4512091777412567,0.31220354453374843,69
S&P500지수,1930-,150,0.08,D,0.06265451958553947,-0.45305390868302975,0.30660682436379255,61
S&P500지수,1930-,150,0.08,W,0.059915074751990316,-0.5075345495345946,0.2839284955768939,61
S&P500지수,1930-,200,0.0,D,0.07026342194683255,-0.5395286379800468,0.37526982958153193,587
S&P500지수,1930-,200,0.0,W,0.07243776380133471,-0.4781200586179084,0.392782829821599,291
S&P500지수,1930-,200,0.005,D,0.07368688297756387,-0.5450801925801663,0.40181236139460624,337
S&P500지수,1930-,200,0.005,W,0.07259432846210223,-0.4715331087293526,0.39369638866703416,259
S&P500지수,1930-,200,0.01,D,0.07355786940266174,-0.5286464914572138,0.40143816115893666,251
S&P500지수,1930-,200,0.01,W,0.07262556339748039,-0.4715331087293525,0.39398025111884266,217
S&P500지수,1930-,200,0.015,D,0.07518111050438026,-0.5028334911505438,0.4139850447986715,197
S&P500지수,1930-,200,0.015,W,0.07259027360279258,-0.4752456158958931,0.3948823280853674,185
S&P500지수,1930-,200,0.02,D,0.07350688511289705,-0.49657494491440357,0.4007413822190247,167
S&P500지수,1930-,200,0.02,W,0.07457687432829196,-0.4752456158958931,0.40965730053384003,161
S&P500지수,1930-,200,0.025,D,0.07647398790347659,-0.49657494491440357,0.4225196105898326,127
S&P500지수,1930-,200,0.025,W,0.07788862790915974,-0.4752456158958931,0.4342294678869319,121
S&P500지수,1930-,200,0.03,D,0.07819235493608079,-0.5107875435773147,0.4345725333367592,113
S&P500지수,1930-,200,0.03,W,0.07686791985024932,-0.4752456158958931,0.4238637385310663,109
S&P500지수,1930-,200,0.035,D,0.07749903619485465,-0.5384093136816617,0.4267177383775767,97
S&P500지수,1930-,200,0.035,W,0.07696451183699726,-0.4634743564372402,0.41959733882557426,97
S&P500지수,1930-,200,0.04,D,0.07632153584428725,-0.48965700165120285,0.41793783155957975,93
S&P500지수,1930-,200,0.04,W,0.07601504749448118,-0.4185999090751438,0.4120822920960264,93
S&P500지수,1930-,200,0.045,D,0.07727382891452583,-0.449315104563381,0.42278042850242237,83
S&P500지수,1930-,200,0.045,W,0.07467272029406047,-0.4185999090751438,0.4001622308957505,83
S&P500지수,1930-,200,0.05,D,0.07440075551437575,-0.44478172696017426,0.39851800759716965,77
S&P500지수,1930-,200,0.05,W,0.07190801672158931,-0.40190760631318745,0.3763861921442648,77
S&P500지수,1930-,200,0.06,D,0.06757471661356096,-0.3970673457632464,0.3447954831015814,73
S&P500지수,1930-,200,0.06,W,0.06220975514858562,-0.41296878227002554,0.30111408639251497,73
S&P500지수,1930-,200,0.07,D,0.06125984925720096,-0.39373730783432204,0.29674476196831856,69
S&P500지수,1930-,200,0.07,W,0.05929293861758533,-0.4102320573235575,0.27858778344701735,69
S&P500지수,1930-,200,0.08,D,0.059613145448198734,-0.38319528117725676,0.28383725474829985,59
S&P500지수,1930-,200,0.08,W,0.058051076443395466,-0.42317144159518405,0.26942283737150535,59
S&P500지수,1930-,250,0.0,D,0.07292550921312224,-0.47336621675277,0.39919241133926336,493
S&P500지수,1930-,250,0.0,W,0.0726673913652458,-0.5280150188376865,0.3957129134012657,255
S&P500지수,1930-,250,0.005,D,0.07346306020843274,-0.4980216345385189,0.4034323871540631,297
S&P500지수,1930-,250,0.005,W,0.06970374698219728,-0.5478741467619485,0.3718991432863251,237
S&P500지수,1930-,250,0.01,D,0.0692593221015676,-0.49019042873030594,0.36957110480747435,227
S&P500지수,1930-,250,0.01,W,0.07049736591632683,-0.5478741467619485,0.37656606193063186,203
S&P500지수,1930-,250,0.015,D,0.07326371876145399,-0.4967686106756092,0.39963139267642667,155
S&P500지수,1930-,250,0.015,W,0.07157698716598992,-0.5478741467619485,0.3818499048071164,155
S&P500지수,1930-,250,0.02,D,0.07092154378722304,-0.5799774702185377,0.37658321465251116,123
S&P500지수,1930-,250,0.02,W,0.0694716011805081,-0.5413873807422772,0.36057117362284097,123
S&P500지수,1930-,250,0.025,D,0.07481616228062671,-0.5482072402408155,0.40594915483121036,101
S&P500지수,1930-,250,0.025,W,0.0733788054218163,-0.5152473074001942,0.3898444851412494,101
S&P500지수,1930-,250,0.03,D,0.07589848635183749,-0.5277641487884349,0.4141907152079774,89
S&P500지수,1930-,250,0.03,W,0.07387981636030827,-0.5152473074001942,0.3936605951318198,89
S&P500지수,1930-,250,0.035,D,0.07198035138783765,-0.5342243771692272,0.3856167318880971,85
S&P500지수,1930-,250,0.035,W,0.0686387049770305,-0.5281168504977345,0.3555978861643073,85
S&P500지수,1930-,250,0.04,D,0.07077216616923376,-0.5341653861689075,0.375700230048941,83
S&P500지수,1930-,250,0.04,W,0.06697360157580756,-0.5397682751419438,0.3420754651233825,83
S&P500지수,1930-,250,0.045,D,0.06821341986251084,-0.5214646340155102,0.35279731485823745,77
S&P500지수,1930-,250,0.045,W,0.06500590810995743,-0.5385948433220845,0.3238949032759023,77
S&P500지수,1930-,250,0.05,D,0.06620549711560497,-0.49382867339614567,0.3377597499640413,73
S&P500지수,1930-,250,0.05,W,0.06309821909200397,-0.5014528143510326,0.3102837454137063,73
S&P500지수,1930-,250,0.06,D,0.06169339098529436,-0.49382867339614567,0.30147361726369265,67
S&P500지수,1930-,250,0.06,W,0.05924873729326574,-0.5014528143510326,0.2802046120072164,67
S&P500지수,1930-,250,0.07,D,0.061311200886383865,-0.4314770639908728,0.299213110821594,63
S&P500지수,1930-,250,0.07,W,0.06005232469663868,-0.4463999922952313,0.2872965270187717,63
S&P500지수,1930-,250,0.08,D,0.0606238008597495,-0.4766384863650984,0.2939116778633127,55
S&P500지수,1930-,250,0.08,W,0.061247866573673315,-0.4636700412892235,0.29568341057150815,55
나스닥100지수,1987-1999(QQQ 이전),100,0.0,D,0.2400099063447363,-0.19552190854223706,0.9769288086269544,111
나스닥100지수,1987-1999(QQQ 이전),100,0.0,W,0.22974673930156775,-0.200649827853296,0.9267206070845143,57
나스닥100지수,1987-1999(QQQ 이전),100,0.005,D,0.2375116370038235,-0.18543207722906618,0.9660907017891635,81
나스닥100지수,1987-1999(QQQ 이전),100,0.005,W,0.2167924830369814,-0.22919162977438634,0.8683191101414816,51
나스닥100지수,1987-1999(QQQ 이전),100,0.01,D,0.2368902221386766,-0.19236742614951252,0.9592293189174714,61
나스닥100지수,1987-1999(QQQ 이전),100,0.01,W,0.23086349891561375,-0.21750270578398767,0.9243065022634132,51
나스닥100지수,1987-1999(QQQ 이전),100,0.015,D,0.22820063513782185,-0.1888370362645303,0.9154901255449356,53
나스닥100지수,1987-1999(QQQ 이전),100,0.015,W,0.2272500604172265,-0.2089697294534283,0.9016670068010237,51
나스닥100지수,1987-1999(QQQ 이전),100,0.02,D,0.23716325517953063,-0.18139464696817686,0.9519722930595503,43
나스닥100지수,1987-1999(QQQ 이전),100,0.02,W,0.2476726165168075,-0.2079173171729728,0.9866638919168652,41
나스닥100지수,1987-1999(QQQ 이전),100,0.025,D,0.24054717040619256,-0.2641332342117755,0.9534806517890432,31
나스닥100지수,1987-1999(QQQ 이전),100,0.025,W,0.24833169802502741,-0.2220835434957249,0.97659027071547,31
나스닥100지수,1987-1999(QQQ 이전),100,0.03,D,0.22461024421531484,-0.3335236074880893,0.8778553641592197,29
나스닥100지수,1987-1999(QQQ 이전),100,0.03,W,0.23435075806513028,-0.3321017784828816,0.9073597056423427,29
나스닥100지수,1987-1999(QQQ 이전),100,0.035,D,0.21687702676420773,-0.33373526001573917,0.8463663814292423,29
나스닥100지수,1987-1999(QQQ 이전),100,0.035,W,0.22440123942788204,-0.33210177848288125,0.868028333203034,29
나스닥100지수,1987-1999(QQQ 이전),100,0.04,D,0.20414123245950977,-0.3266919439358573,0.7912851093618841,29
나스닥100지수,1987-1999(QQQ 이전),100,0.04,W,0.2274518196332076,-0.3321017784828818,0.8767236002448924,29
나스닥100지수,1987-1999(QQQ 이전),100,0.045,D,0.19876129378956908,-0.3266919439358572,0.7691996280358727,27
나스닥100지수,1987-1999(QQQ 이전),100,0.045,W,0.21735107869920545,-0.33210177848288147,0.8365258986996232,27
나스닥100지수,1987-1999(QQQ 이전),100,0.05,D,0.19474854266771535,-0.3266919439358569,0.7522911744731009,27
나스닥100지수,1987-1999(QQQ 이전),100,0.05,W,0.20820901085924404,-0.33210177848288136,0.7983063564224306,27
나스닥100지수,1987-1999(QQQ 이전),100,0.06,D,0.17034113112546434,-0.33360979457463813,0.6388970856448541,27
나스닥100지수,1987-1999(QQQ 이전),100,0.06,W,0.1815822995269858,-0.3321017784828816,0.6783222623849399,27
나스닥100지수,1987-1999(QQQ 이전),100,0.07,D,0.15697472055503447,-0.23614218912702356,0.5800570889489253,25
나스닥100지수,1987-1999(QQQ 이전),100,0.07,W,0.1772951631466082,-0.23330749207162715,0.6637889152404352,25
나스닥100지수,1987-1999(QQQ 이전),100,0.08,D,0.1834826342574427,-0.29163633734191274,0.6850132472452743,17
나스닥100지수,1987-1999(QQQ 이전),100,0.08,W,0.19413338519794143,-0.33584988645227165,0.7140100157938785,17
나스닥100지수,1987-1999(QQQ 이전),150,0.0,D,0.22164193630106732,-0.2751173188711218,0.851135231045451,89
나스닥100지수,1987-1999(QQQ 이전),150,0.0,W,0.21493672392046959,-0.2220835434957249,0.8129785002018428,41
나스닥100지수,1987-1999(QQQ 이전),150,0.005,D,0.21030093980244868,-0.31293329225335687,0.802337726346738,67
나스닥100지수,1987-1999(QQQ 이전),150,0.005,W,0.2019722498911516,-0.28169937571348214,0.7563100171406404,43
나스닥100지수,1987-1999(QQQ 이전),150,0.01,D,0.20623896759550053,-0.31293329225335675,0.7812060028347425,47
나스닥100지수,1987-1999(QQQ 이전),150,0.01,W,0.21673749692380695,-0.2816993757134818,0.8128194806734205,37
나스닥100지수,1987-1999(QQQ 이전),150,0.015,D,0.18370368097875467,-0.31293329225335664,0.6850121009788969,47
나스닥100지수,1987-1999(QQQ 이전),150,0.015,W,0.2120732952875657,-0.28169937571348225,0.7953507356587156,37
나스닥100지수,1987-1999(QQQ 이전),150,0.02,D,0.17565061544297667,-0.28641318027551077,0.6499529066785008,43
나스닥100지수,1987-1999(QQQ 이전),150,0.02,W,0.19466502560211008,-0.2816993757134819,0.7240967911718988,35
나스닥100지수,1987-1999(QQQ 이전),150,0.025,D,0.17169973932563343,-0.28313055354016103,0.6364059388970188,39
나스닥100지수,1987-1999(QQQ 이전),150,0.025,W,0.19551958216523357,-0.28684454611742516,0.7294423455501146,33
나스닥100지수,1987-1999(QQQ 이전),150,0.03,D,0.18512569387614053,-0.28313055354016115,0.6932679718875685,33
나스닥100지수,1987-1999(QQQ 이전),150,0.03,W,0.20351714625349837,-0.28684454611742527,0.7660805046559147,31
나스닥100지수,1987-1999(QQQ 이전),150,0.035,D,0.18538429843423554,-0.28313055354016126,0.6861033211995192,29
나스닥100지수,1987-1999(QQQ 이전),150,0.035,W,0.20320846873927545,-0.2868445461174254,0.7546639660470997,29
나스닥100지수,1987-1999(QQQ 이전),150,0.04,D,0.18876548707202678,-0.29881652553163307,0.7019259023508208,25
나스닥100지수,1987-1999(QQQ 이전),150,0.04,W,0.2137381033228043,-0.28684454611742527,0.798045809644603,25
나스닥100지수,1987-1999(QQQ 이전),150,0.045,D,0.18479969719963063,-0.2988165255316332,0.6816960391805214,25
나스닥100지수,1987-1999(QQQ 이전),150,0.045,W,0.20767475953375536,-0.28684454611742527,0.7699859304708225,25
나스닥100지수,1987-1999(QQQ 이전),150,0.05,D,0.18484512737256442,-0.30252222977252263,0.6785464992463295,23
나스닥100지수,1987-1999(QQQ 이전),150,0.05,W,0.20236995192326068,-0.28684454611742516,0.7452755857927852,23
나스닥100지수,1987-1999(QQQ 이전),150,0.06,D,0.16683251141032196,-0.34684911874953195,0.5944385987798401,21
나스닥100지수,1987-1999(QQQ 이전),150,0.06,W,0.17090910986030639,-0.39082510537547244,0.6005685394365814,21
나스닥100지수,1987-1999(QQQ 이전),150,0.07,D,0.15640709298496125,-0.3452359204764984,0.5504799403996253,21
나스닥100지수,1987-1999(QQQ 이전),150,0.07,W,0.16004669790001502,-0.3830751915010424,0.5568498153910287,21
나스닥100지수,1987-1999(QQQ 이전),150,0.08,D,0.16773248507373073,-0.3618184125760968,0.5954535323569577,17
나스닥100지수,1987-1999(QQQ 이전),150,0.08,W,0.17914727361145766,-0.34041882018090897,0.6321181945768217,17
나스닥100지수,1987-1999(QQQ 이전),200,0.0,D,0.2162910216470575,-0.253411744661758,0.8016051498750658,81
나스닥100지수,1987-1999(QQQ 이전),200,0.0,W,0.2296187401803953,-0.25039153384962687,0.8472223733853913,37
나스닥100지수,1987-1999(QQQ 이전),200,0.005,D,0.20428593762593117,-0.26361709883545725,0.7539201419665178,65
나스닥100지수,1987-1999(QQQ 이전),200,0.005,W,0.23355456274561837,-0.23043071453469177,0.8639294087520979,37
나스닥100지수,1987-1999(QQQ 이전),200,0.01,D,0.19461150901824764,-0.2636170988354579,0.7131288458115607,55
나스닥100지수,1987-1999(QQQ 이전),200,0.01,W,0.2284028866972434,-0.2317002289926161,0.8431432763828581,37
나스닥100지수,1987-1999(QQQ 이전),200,0.015,D,0.2061181811070134,-0.25413106954741194,0.7613348065486589,37
나스닥100지수,1987-1999(QQQ 이전),200,0.015,W,0.22955689920537403,-0.24160825573005262,0.84715141249958,31
나스닥100지수,1987-1999(QQQ 이전),200,0.02,D,0.20664032307904812,-0.26452146887110617,0.7624999708206878,33
나스닥100지수,1987-1999(QQQ 이전),200,0.02,W,0.23247824053349708,-0.22990129300147377,0.8577424393621402,27
나스닥100지수,1987-1999(QQQ 이전),200,0.025,D,0.20137492230274878,-0.29500345582265985,0.745154361097533,29
나스닥100지수,1987-1999(QQQ 이전),200,0.025,W,0.22014541351765726,-0.281699375713482,0.8161000638750426,29
나스닥100지수,1987-1999(QQQ 이전),200,0.03,D,0.2041681783781355,-0.3054659748177627,0.7426346019139394,21
나스닥100지수,1987-1999(QQQ 이전),200,0.03,W,0.21125568794131522,-0.32669188364582635,0.7582327219958381,21
나스닥100지수,1987-1999(QQQ 이전),200,0.035,D,0.20589570290221904,-0.31857715269473375,0.7500787226210096,19
나스닥100지수,1987-1999(QQQ 이전),200,0.035,W,0.21108319788119823,-0.3352814871668428,0.757727857695808,19
나스닥100지수,1987-1999(QQQ 이전),200,0.04,D,0.20023925993596725,-0.3185771526947335,0.7239534155621133,19
나스닥100지수,1987-1999(QQQ 이전),200,0.04,W,0.1990733637948241,-0.3513273605966366,0.7076271683326117,19
나스닥100지수,1987-1999(QQQ 이전),200,0.045,D,0.2021599732918693,-0.3025340144573654,0.7288730998031588,17
나스닥100지수,1987-1999(QQQ 이전),200,0.045,W,0.19395071307783174,-0.3938053073027764,0.685744606380226,17
나스닥100지수,1987-1999(QQQ 이전),200,0.05,D,0.19569829971391406,-0.32013067171796517,0.7033014605212553,17
나스닥100지수,1987-1999(QQQ 이전),200,0.05,W,0.1887868954324372,-0.3938053073027764,0.6659789135804323,17
나스닥100지수,1987-1999(QQQ 이전),200,0.06,D,0.1831466672534845,-0.33904602177468757,0.6551616494263448,17
나스닥100지수,1987-1999(QQQ 이전),200,0.06,W,0.1807503868123601,-0.39380530730277585,0.636241120277259,17
나스닥100지수,1987-1999(QQQ 이전),200,0.07,D,0.18780462303265355,-0.37058947882408666,0.672714278240301,15
나스닥100지수,1987-1999(QQQ 이전),200,0.07,W,0.19383397096848798,-0.3936416919915985,0.6865882073000013,15
나스닥100지수,1987-1999(QQQ 이전),200,0.08,D,0.22439532779215798,-0.33036480664273105,0.8015495572074454,9
나스닥100지수,1987-1999(QQQ 이전),200,0.08,W,0.22155439574917546,-0.37492475847045725,0.781438502418196,9
나스닥100지수,1987-1999(QQQ 이전),250,0.0,D,0.20577858914858815,-0.3883047700730441,0.7387295196130781,85
나스닥100지수,1987-1999(QQQ 이전),250,0.0,W,0.20785027254320898,-0.4029007332142136,0.7320812548200806,39
나스닥100지수,1987-1999(QQQ 이전),250,0.005,D,0.1964981525714793,-0.3849711973196299,0.7024818633292766,67
나스닥100지수,1987-1999(QQQ 이전),250,0.005,W,0.2163886160811448,-0.39987317792117305,0.7648917349623368,37
나스닥100지수,1987-1999(QQQ 이전),250,0.01,D,0.19727696488630175,-0.37173183970842927,0.7054233665484743,47
나스닥100지수,1987-1999(QQQ 이전),250,0.01,W,0.20389747757341103,-0.37609419635410757,0.7199397250878901,33
나스닥100지수,1987-1999(QQQ 이전),250,0.015,D,0.2015129780318181,-0.37406582887790085,0.7211310103425316,33
나스닥100지수,1987-1999(QQQ 이전),250,0.015,W,0.19988328888264562,-0.40422066308885485,0.7051256828849356,27
나스닥100지수,1987-1999(QQQ 이전),250,0.02,D,0.20420491254581408,-0.30569183540022715,0.7328569379693094,27
나스닥100지수,1987-1999(QQQ 이전),250,0.02,W,0.2037417507399779,-0.37007244603921496,0.7201049804472252,23
나스닥100지수,1987-1999(QQQ 이전),250,0.025,D,0.20033677743637934,-0.3189187743766245,0.7176817874168959,25
나스닥100지수,1987-1999(QQQ 이전),250,0.025,W,0.2002895577148931,-0.369491510267588,0.7074394221907161,23
나스닥100지수,1987-1999(QQQ 이전),250,0.03,D,0.21563229954080843,-0.3189187743766245,0.7743498155939443,19
나스닥100지수,1987-1999(QQQ 이전),250,0.03,W,0.21478126761015082,-0.36949151026758775,0.7632529110412724,21
나스닥100지수,1987-1999(QQQ 이전),250,0.035,D,0.2159698247839541,-0.33201685278247817,0.7765512374060332,17
나스닥100지수,1987-1999(QQQ 이전),250,0.035,W,0.21691853366131952,-0.37492475847045736,0.7715820855264778,17
나스닥100지수,1987-1999(QQQ 이전),250,0.04,D,0.2137619575594678,-0.33201685278247817,0.7652577021880126,15
나스닥100지수,1987-1999(QQQ 이전),250,0.04,W,0.21453129264466964,-0.37492475847045736,0.7587586147553306,15
나스닥100지수,1987-1999(QQQ 이전),250,0.045,D,0.20325486143026272,-0.3394289263926368,0.7288310236675755,15
나스닥100지수,1987-1999(QQQ 이전),250,0.045,W,0.20928211640101102,-0.37492475847045736,0.7406415758893762,15
나스닥100지수,1987-1999(QQQ 이전),250,0.05,D,0.2102183951227592,-0.33036480664273016,0.7525858308906912,13
나스닥100지수,1987-1999(QQQ 이전),250,0.05,W,0.22017316731137782,-0.37492475847045736,0.778462015101972,13
나스닥100지수,1987-1999(QQQ 이전),250,0.06,D,0.21792035308345725,-0.3345095900876838,0.7799696139608734,11
나스닥100지수,1987-1999(QQQ 이전),250,0.06,W,0.22290952767174121,-0.37246910090106977,0.7884083971614965,11
나스닥100지수,1987-1999(QQQ 이전),250,0.07,D,0.239429749980278,-0.3417903694661605,0.855015383471056,7
나스닥100지수,1987-1999(QQQ 이전),250,0.07,W,0.23406311894837417,-0.3905321507377896,0.8249317003359189,7
나스닥100지수,1987-1999(QQQ 이전),250,0.08,D,0.2356321999445805,-0.3470848084031014,0.8416065977479177,7
나스닥100지수,1987-1999(QQQ 이전),250,0.08,W,0.2242778773820755,-0.3905321507377896,0.789476932737776,7
나스닥100지수,1987-,100,0.0,D,0.1136960420382449,-0.46835472559779745,0.5451798445710467,423
나스닥100지수,1987-,100,0.0,W,0.12083273423581042,-0.4658704071737594,0.5784909293677102,193
나스닥100지수,1987-,100,0.005,D,0.11537637068204565,-0.4508604980009262,0.552321999693927,295
나스닥100지수,1987-,100,0.005,W,0.11536263632511612,-0.4866093632897447,0.5485673767642917,183
나스닥100지수,1987-,100,0.01,D,0.12172184372252515,-0.39592432075738204,0.5860794714010665,213
나스닥100지수,1987-,100,0.01,W,0.12528895512157856,-0.5163231230552712,0.5992120226459935,163
나스닥100지수,1987-,100,0.015,D,0.11492025989467747,-0.4732027723099388,0.5497504735507669,177
나스닥100지수,1987-,100,0.015,W,0.11842435209666569,-0.5184016331870431,0.5628389078381115,151
나스닥100지수,1987-,100,0.02,D,0.1279721711764641,-0.4481676572936766,0.6179195088875493,139
나스닥100지수,1987-,100,0.02,W,0.12357454163923931,-0.509377300006512,0.5820697318133249,127
나스닥100지수,1987-,100,0.025,D,0.1275159446291425,-0.42149631302812185,0.609458524555477,109
나스닥100지수,1987-,100,0.025,W,0.12257566087047667,-0.4898205088219679,0.5732161800319736,109
나스닥100지수,1987-,100,0.03,D,0.12240238997174013,-0.429080587334158,0.5811768841310453,101
나스닥100지수,1987-,100,0.03,W,0.11653404222520414,-0.4898205088219665,0.5411972335167241,101
나스닥100지수,1987-,100,0.035,D,0.12152993325582417,-0.4275717154202625,0.573976649237816,91
나스닥100지수,1987-,100,0.035,W,0.11980043501277571,-0.5102052711034405,0.556363635879217,91
나스닥100지수,1987-,100,0.04,D,0.11723875953500817,-0.5032599957492592,0.5517287407995031,85
나스닥100지수,1987-,100,0.04,W,0.12186693299750995,-0.570042392367712,0.5656269490840876,85
나스닥100지수,1987-,100,0.045,D,0.1151982761353425,-0.49919989113690255,0.5395542093562874,79
나스닥100지수,1987-,100,0.045,W,0.11533186468624734,-0.567446930748447,0.5308121997241232,79
나스닥100지수,1987-,100,0.05,D,0.1137353714238698,-0.5166593229916818,0.5326794201735671,75
나스닥100지수,1987-,100,0.05,W,0.11261793336657089,-0.5786530635730422,0.5183303184817881,75
나스닥100지수,1987-,100,0.06,D,0.10615332023476887,-0.4290752861099242,0.4867939927726986,67
나스닥100지수,1987-,100,0.06,W,0.10429795157921462,-0.5222399190968675,0.46949414818733665,67
나스닥100지수,1987-,100,0.07,D,0.11200491996417972,-0.45173461174374474,0.5200438813686274,57
나스닥100지수,1987-,100,0.07,W,0.1177376598535631,-0.5006702345894728,0.5407074384115259,57
나스닥100지수,1987-,100,0.08,D,0.10632223780347405,-0.5249459059666535,0.48820536020980876,49
나스닥100지수,1987-,100,0.08,W,0.11041778880549025,-0.5143449617516951,0.4998527172837557,49
나스닥100지수,1987-,150,0.0,D,0.11318173381137075,-0.7069670595602088,0.5259271565709207,333
나스닥100지수,1987-,150,0.0,W,0.11965322185538141,-0.5394605145762258,0.5472028103381921,139
나스닥100지수,1987-,150,0.005,D,0.1134612115575735,-0.7042173862817569,0.5264536362340478,227
나스닥100지수,1987-,150,0.005,W,0.11312134058865286,-0.5541581227142642,0.5141920072614954,135
나스닥100지수,1987-,150,0.01,D,0.11975236871839678,-0.6413545258218623,0.555839159584795,155
나스닥100지수,1987-,150,0.01,W,0.11178172366444028,-0.5529396332680148,0.506277170787699,123
나스닥100지수,1987-,150,0.015,D,0.10936220346275638,-0.606861694183696,0.5013990471298587,137
나스닥100지수,1987-,150,0.015,W,0.11240998419417658,-0.5471497094774158,0.5092796646653478,119
나스닥100지수,1987-,150,0.02,D,0.10534010566533536,-0.6343556594798239,0.4822145500834095,119
나스닥100지수,1987-,150,0.02,W,0.11113473722301315,-0.5582074339020546,0.504163774170789,105
나스닥100지수,1987-,150,0.025,D,0.1084915582717445,-0.6169486614145894,0.4989824229714304,103
나스닥100지수,1987-,150,0.025,W,0.1149369296355105,-0.5646164533919025,0.5232885334428193,95
나스닥100지수,1987-,150,0.03,D,0.11280294426404258,-0.6031025999000305,0.5178305398436716,89
나스닥100지수,1987-,150,0.03,W,0.1142123436314253,-0.6078153938717147,0.5188408603968797,87
나스닥100지수,1987-,150,0.035,D,0.10562708734176551,-0.6199541131019455,0.48042690472175625,83
나스닥100지수,1987-,150,0.035,W,0.114572793314766,-0.5791197831219936,0.5192456774998861,83
나스닥100지수,1987-,150,0.04,D,0.10712276926954134,-0.6509127532112711,0.4884374524268037,73
나스닥100지수,1987-,150,0.04,W,0.11615963384858508,-0.6066089982627801,0.528033425269966,73
나스닥100지수,1987-,150,0.045,D,0.10671496504189082,-0.6189590260768751,0.48628600818261863,69
나스닥100지수,1987-,150,0.045,W,0.11764122874207672,-0.5478658429909562,0.5354518998165841,69
나스닥100지수,1987-,150,0.05,D,0.10225354019816879,-0.6363851125384969,0.4606787789730515,65
나스닥100지수,1987-,150,0.05,W,0.11335924767105476,-0.5389442862699283,0.5125546331001907,65
나스닥100지수,1987-,150,0.06,D,0.09702349300381696,-0.6412219310621672,0.43131700512940463,59
나스닥100지수,1987-,150,0.06,W,0.10940219099372217,-0.5389442862699287,0.48649695238739765,59
나스닥100지수,1987-,150,0.07,D,0.10846092028189736,-0.45336200339562827,0.4908917725042272,49
나스닥100지수,1987-,150,0.07,W,0.10804968801716419,-0.41704545592359477,0.4823408019131987,49
나스닥100지수,1987-,150,0.08,D,0.12603545504376856,-0.3618184125760968,0.576594697864502,37
나스닥100지수,1987-,150,0.08,W,0.12781633794663727,-0.34041882018090897,0.577014118721099,37
나스닥100지수,1987-,200,0.0,D,0.12276979102736973,-0.5238092070997833,0.5607130701787918,271
나스닥100지수,1987-,200,0.0,W,0.13513158163642114,-0.4275547228456946,0.6159052327359307,117
나스닥100지수,1987-,200,0.005,D,0.12485443531592533,-0.418653001880969,0.5713268667572808,183
나스닥100지수,1987-,200,0.005,W,0.13271036882275267,-0.4524571856298971,0.6050637422501779,113
나스닥100지수,1987-,200,0.01,D,0.1257831720775746,-0.4175220674923499,0.5750004771130932,139
나스닥100지수,1987-,200,0.01,W,0.13197499788664757,-0.45245718562989723,0.6007576251300626,107
나스닥100지수,1987-,200,0.015,D,0.12233064055610199,-0.4953350790725336,0.5580010448516578,109
나스닥100지수,1987-,200,0.015,W,0.12865221757490697,-0.47991414063055193,0.583613769835496,95
나스닥100지수,1987-,200,0.02,D,0.11934368461427214,-0.4731999815844883,0.5431755571045254,95
나스닥100지수,1987-,200,0.02,W,0.12704013763840738,-0.48847210825663445,0.5743017500150283,85
나스닥100지수,1987-,200,0.025,D,0.12521460265391737,-0.4710953629546175,0.5739547249152191,79
나스닥100지수,1987-,200,0.025,W,0.12609040990932874,-0.4603398328657844,0.5725219959696694,77
나스닥100지수,1987-,200,0.03,D,0.12192172745189223,-0.498107817117609,0.5519465814500604,69
나스닥100지수,1987-,200,0.03,W,0.12476966239252762,-0.44969120409812935,0.559644967810128,67
나스닥100지수,1987-,200,0.035,D,0.12352081230009637,-0.487518531393329,0.5616491734158107,61
나스닥100지수,1987-,200,0.035,W,0.12436762829843628,-0.437411919325675,0.5601617953961009,61
나스닥100지수,1987-,200,0.04,D,0.12200167146024588,-0.39145489246071297,0.5526052732615905,57
나스닥100지수,1987-,200,0.04,W,0.1212489142043145,-0.3883871402653104,0.5427843652835108,57
나스닥100지수,1987-,200,0.045,D,0.12502047253695547,-0.36563642461466084,0.5677055509687616,53
나스닥100지수,1987-,200,0.045,W,0.12452472480430332,-0.3938053073027764,0.5586848703261729,53
나스닥100지수,1987-,200,0.05,D,0.12491768625663591,-0.3656364246146607,0.5679428828201137,49
나스닥100지수,1987-,200,0.05,W,0.12264920278342983,-0.3938053073027764,0.5503384565460245,49
나스닥100지수,1987-,200,0.06,D,0.12539533053128693,-0.40335366875262113,0.5667749660931121,41
나스닥100지수,1987-,200,0.06,W,0.12472989571161563,-0.39380530730277585,0.5560381139711744,41
나스닥100지수,1987-,200,0.07,D,0.12651051776215572,-0.40667209371085145,0.5723786797740049,37
나스닥100지수,1987-,200,0.07,W,0.12604247725400497,-0.4189448697529634,0.5625857880479578,37
나스닥100지수,1987-,200,0.08,D,0.1299182194472004,-0.40667209371085167,0.5837793741296586,31
나스닥100지수,1987-,200,0.08,W,0.12902495884594,-0.4189448697529633,0.5729637977321339,31
나스닥100지수,1987-,250,0.0,D,0.12402174394985388,-0.39263395076233487,0.5578361605000386,243
나스닥100지수,1987-,250,0.0,W,0.12801615379629894,-0.4029007332142136,0.5701193297458884,117
나스닥100지수,1987-,250,0.005,D,0.12327043592936837,-0.3849711973196299,0.5534046657841367,165
나스닥100지수,1987-,250,0.005,W,0.1382798603612032,-0.39987317792117305,0.6159524603873642,107
나스닥100지수,1987-,250,0.01,D,0.12384611660093148,-0.375318418405426,0.5542574325097653,127
나스닥100지수,1987-,250,0.01,W,0.1329754636325151,-0.37609419635410757,0.5903704421956434,91
나스닥100지수,1987-,250,0.015,D,0.12823637599876125,-0.37531841840542624,0.5739253439122998,93
나스닥100지수,1987-,250,0.015,W,0.13392475892723055,-0.40422066308885485,0.5938738833049784,79
나스닥100지수,1987-,250,0.02,D,0.12269946947810029,-0.375318418405426,0.5477788518810901,85
나스닥100지수,1987-,250,0.02,W,0.1278284702870811,-0.37007244603921496,0.5649046432332532,73
나스닥100지수,1987-,250,0.025,D,0.12128489397677589,-0.3573658989088754,0.542390442301569,77
나스닥100지수,1987-,250,0.025,W,0.1265124689826418,-0.369491510267588,0.5602039694402223,71
나스닥100지수,1987-,250,0.03,D,0.1338387154349856,-0.35736589890887516,0.5997044613888551,59
나스닥100지수,1987-,250,0.03,W,0.13234182896130653,-0.36949151026758775,0.5867032917882741,61
나스닥100지수,1987-,250,0.035,D,0.13850976699499196,-0.3573658989088754,0.6221100512502554,47
나스닥100지수,1987-,250,0.035,W,0.13531794775976214,-0.37492475847045736,0.6001129369856131,47
나스닥100지수,1987-,250,0.04,D,0.13635904375461294,-0.35736589890887527,0.6115246237614993,43
나스닥100지수,1987-,250,0.04,W,0.13173980224473758,-0.37492475847045736,0.5828589847874778,43
나스닥100지수,1987-,250,0.045,D,0.12987945839879722,-0.35736589890887516,0.5817880655462264,43
나스닥100지수,1987-,250,0.045,W,0.12876070939838558,-0.37492475847045736,0.5691440469290024,43
나스닥100지수,1987-,250,0.05,D,0.13620168253976117,-0.35736589890887527,0.611058796648664,37
나스닥100지수,1987-,250,0.05,W,0.13773778372532952,-0.37492475847045736,0.6096185246635658,37
나스닥100지수,1987-,250,0.06,D,0.13514075913191181,-0.35736589890887516,0.6058337638609844,33
나스닥100지수,1987-,250,0.06,W,0.1388402614969051,-0.37246910090106977,0.6163014279064147,33
나스닥100지수,1987-,250,0.07,D,0.13891615936732515,-0.35736589890887527,0.6174348432375241,27
나스닥100지수,1987-,250,0.07,W,0.13707050835057788,-0.3905321507377896,0.6041811123789167,27
나스닥100지수,1987-,250,0.08,D,0.1321454904388848,-0.35736589890887527,0.5854741579722359,27
나스닥100지수,1987-,250,0.08,W,0.12840600188815787,-0.3905321507377896,0.5641501344982017,27
