asset,start,rule,ma,param,full_total,full_cagr,full_mdd,full_sharpe,full_calmar,full_worst_month,full_loss_month_ratio,full_recovery_days,full_recovery_ongoing,is_cagr,is_mdd,is_sharpe,oos_cagr,oos_mdd,oos_sharpe,trades,exposure,split
SPY,2022-01-03,보유,0,,0.7427371994338987,0.12389402140935535,-0.2449639566009052,0.7640934164438403,0.5057642892795173,-0.09244598041496033,0.3620689655172414,709,False,0.08081057045984807,-0.2449639566009052,0.5372260381528569,0.21544470331981036,-0.14593110687269373,1.2186298273727634,1,1.0,2025-03-06
SPY,2022-01-03,주1회,20,,0.6288549251790971,0.10803596321339914,-0.15269071550417446,1.0231572150061425,0.7075476911393838,-0.08121402177154657,0.41379310344827586,310,False,0.08458990775104236,-0.15269071550417446,0.7824862771823995,0.15662176101017833,-0.048119129613155676,1.6170631590997533,51,0.6373534338358459,2025-03-06
SPY,2022-01-03,매일,20,,0.08275080687524561,0.016858515560272735,-0.2056602905488253,0.20897795341658912,0.08197263319663743,-0.09410246283137269,0.5172413793103449,799,False,0.008789062231792544,-0.2056602905488253,0.13428980366266174,0.0332071999783059,-0.1196304208721315,0.3812135551349343,133,0.6457286432160804,2025-03-06
SPY,2022-01-03,주1회,50,,0.24083596794975848,0.04641971991782401,-0.24803624761251664,0.46677580331904145,0.18714893635361357,-0.06926455669463483,0.39655172413793105,689,False,-0.01704631212745189,-0.24803624761251664,-0.0943371042597413,0.18587451803279142,-0.05071355738844174,1.6991560925903832,41,0.7010050251256281,2025-03-06
SPY,2022-01-03,매일,50,,0.25352083124246483,0.04866010036224733,-0.19691595493073066,0.48939591621574197,0.24711100925958257,-0.06682065504378532,0.4482758620689655,563,False,0.0018594976976105126,-0.19691595493073066,0.0735961666619499,0.14892581249528636,-0.09296174876904895,1.4357442319378728,81,0.6867671691792295,2025-03-06
SPY,2022-01-03,주1회,60,,0.1938330441910756,0.03795713244735066,-0.27347610996790095,0.3861993104477843,0.13879505764436187,-0.09512110270079943,0.41379310344827586,1297,False,-0.03471555327141673,-0.27347610996790095,-0.24274145208743178,0.200054951935543,-0.05071355738844174,1.799358695578967,39,0.7236180904522613,2025-03-06
SPY,2022-01-03,매일,60,,0.26736506288984296,0.051084905287817284,-0.2075630216621619,0.510142200454542,0.24611756409561802,-0.07965642307097953,0.43103448275862066,807,False,0.0039611712465987825,-0.2075630216621619,0.09194474300147408,0.15207971459300906,-0.08681986448622658,1.440121635481258,83,0.7051926298157454,2025-03-06
SPY,2022-01-03,주1회,100,,0.40378321241534887,0.07392441032156527,-0.2560476125259459,0.6815314936459281,0.28871353101983854,-0.09512110270079943,0.3448275862068966,891,False,0.02957071311943782,-0.2560476125259459,0.30663271278971954,0.16850517529807574,-0.05071355738844163,1.5111060908785794,21,0.7529313232830821,2025-03-06
SPY,2022-01-03,매일,100,,0.5250716651596794,0.09280230688733115,-0.17952572373894293,0.8561981409641393,0.5169304150656397,-0.05199081073699041,0.3620689655172414,752,False,0.04779771128417565,-0.17952572373894293,0.4673797044386036,0.18878944360126693,-0.05071355738844163,1.7053677144270398,37,0.7412060301507538,2025-03-06
SPY,2022-01-03,주1회,120,,0.5023600397221089,0.08935992466258202,-0.20781441230738995,0.8234964801581798,0.42999868811025843,-0.09512110270079943,0.3103448275862069,780,False,0.051866771340507656,-0.20781441230738995,0.5014836969882448,0.16850517529807574,-0.05071355738844152,1.51110609087858,17,0.7445561139028476,2025-03-06
SPY,2022-01-03,매일,120,,0.4972060415861439,0.08857302176864423,-0.20744695562505,0.8215370910055027,0.42696708419638385,-0.05199081073699019,0.3448275862068966,767,False,0.038429080223899126,-0.20744695562505,0.38900199416117465,0.19631983186989554,-0.05071355738844174,1.761484245083362,39,0.7537688442211056,2025-03-06
SPY,2022-01-03,주1회,150,,0.49174036775050123,0.08773619213144879,-0.20948004964539557,0.8030108492592097,0.41882839096117835,-0.09512110270079943,0.3103448275862069,788,False,0.048526404794468014,-0.20948004964539557,0.4695908177559014,0.17070517098155236,-0.05071355738844163,1.517056842079711,17,0.7654941373534339,2025-03-06
SPY,2022-01-03,매일,150,,0.5385350495077823,0.09482387054376917,-0.19997817260364104,0.864059722190421,0.4741711023218076,-0.06834964452230952,0.3275862068965517,780,False,0.048542429785012775,-0.19997817260364104,0.46926458656210496,0.19370306680422145,-0.05071355738844152,1.727744030070955,33,0.7696817420435511,2025-03-06
SPY,2022-01-03,주1회,200,,0.49238540852898316,0.08783507789573486,-0.18028460659379664,0.8037784330096442,0.4872023161336124,-0.07844814587167637,0.29310344827586204,766,False,0.05574834067575418,-0.18028460659379664,0.5383974168245441,0.15507199097700664,-0.06491644346362069,1.333088624038823,17,0.7654941373534339,2025-03-06
SPY,2022-01-03,매일,200,,0.4724886995437443,0.08476921830063211,-0.20724018330479788,0.7799831091515896,0.4090385221091898,-0.07516010291174446,0.3103448275862069,767,False,0.05489154701826382,-0.20724018330479788,0.5295665478261032,0.14719307608042342,-0.06559079732239148,1.2882101863081377,31,0.7705192629815746,2025-03-06
SPY,2022-01-03,주1회,250,,0.5156690763616758,0.09138210827609305,-0.18213325846755968,0.8064908518932399,0.5017321330819402,-0.07297077335154978,0.29310344827586204,780,False,0.05133658611132508,-0.18213325846755968,0.49724912752489203,0.17620896206897618,-0.08579319540558439,1.3797759667737142,15,0.7864321608040201,2025-03-06
SPY,2022-01-03,매일,250,,0.42262006757337667,0.07693869031462719,-0.2018899042613036,0.6811340331954452,0.38109231165440743,-0.08235628007854079,0.3275862068965517,760,False,0.05878977988001477,-0.2018899042613036,0.5602442690824848,0.11428505969668179,-0.13382132678498782,0.8956354736226756,35,0.788107202680067,2025-03-06
SPY,2022-01-03,버퍼(매일),200,±1%,0.4458366630539039,0.08061075615375368,-0.21840177209019562,0.7499693808768786,0.36909387402068805,-0.07692009694004287,0.3103448275862069,806,False,0.04333895406875854,-0.21840177209019562,0.4346223162839684,0.1592813151719097,-0.06491644346362069,1.3880306254092147,19,0.7654941373534339,2025-03-06
SPY,2022-01-03,버퍼(주1회),200,±1%,0.4185605080254384,0.07629175437302949,-0.22083405649701304,0.7116301239473589,0.3454709639591364,-0.07583106526525374,0.3103448275862069,814,False,0.03897436559549661,-0.22083405649701304,0.3980159140477567,0.15507199097700664,-0.06491644346362058,1.3330886240388216,19,0.7613065326633166,2025-03-06
SPY,2022-01-03,버퍼(매일),200,±2%,0.4969119048732582,0.08852804903060396,-0.18388240056677763,0.7997516219186451,0.4814384017053043,-0.06545577733153929,0.29310344827586204,756,False,0.062433135072278434,-0.18388240056677763,0.5851171324116241,0.14277593176775172,-0.0857931954055845,1.2349959424959251,11,0.7780569514237856,2025-03-06
SPY,2022-01-03,버퍼(주1회),200,±2%,0.4565879807090021,0.08229548782333151,-0.19300184400280307,0.7419492920027544,0.42639741733315406,-0.06545577733153929,0.29310344827586204,765,False,0.05687950185569135,-0.19300184400280307,0.534755276393752,0.13508422642855078,-0.0857931954055845,1.1610447330665221,11,0.7738693467336684,2025-03-06
SPY,2022-01-03,버퍼(매일),200,±3%,0.38769089434990245,0.07132390600891592,-0.24766259240467225,0.6547114277867384,0.28798820732836017,-0.08753585666063834,0.3103448275862069,780,False,0.051517559152439496,-0.24766259240467225,0.4890403482923656,0.11215932927128924,-0.0857931954055845,0.9969697497291539,9,0.7747068676716918,2025-03-06
SPY,2022-01-03,버퍼(주1회),200,±3%,0.4659282981885988,0.08375116249210235,-0.19490751702843678,0.7550823176294678,0.4296969340586446,-0.06725698167013838,0.27586206896551724,714,False,0.07425698151254334,-0.19490751702843678,0.6740751197744587,0.10312845380809077,-0.08579319540558461,0.9211605887582386,9,0.7696817420435511,2025-03-06
SPY,2022-01-03,버퍼(매일),200,±4%,0.47470742441506486,0.08511271376158924,-0.2027020271400054,0.7547760665486875,0.41989078729243423,-0.08753585666063834,0.27586206896551724,723,False,0.07096276446195104,-0.2027020271400054,0.6670317383469262,0.11410785636068965,-0.1068373100451866,0.9132066427569835,5,0.7654941373534339,2025-03-06
SPY,2022-01-03,버퍼(주1회),200,±4%,0.4659425447119012,0.08375337718993259,-0.20630635609770454,0.7265213100119761,0.40596605346598175,-0.12654327266223875,0.27586206896551724,560,False,0.09218230450032472,-0.15157818111066945,0.8419422684802624,0.06725269455954974,-0.16564574207384541,0.5454556066903894,5,0.7663316582914573,2025-03-06
SPY,2022-01-03,버퍼(매일),200,±5%,0.49266748517377823,0.08787831008112423,-0.17955278048851986,0.7723970267233232,0.48942884561313127,-0.0649787512474469,0.29310344827586204,709,False,0.0806830963410794,-0.17955278048851986,0.7369140531916023,0.10256052141479799,-0.10248610286074444,0.8389750922478448,5,0.7621440536013401,2025-03-06
SPY,2022-01-03,버퍼(주1회),200,±5%,0.38320193140745906,0.07059424702707062,-0.20105267035747332,0.6195586670400585,0.35112315047372145,-0.12654327266223886,0.3103448275862069,707,False,0.08321225253443765,-0.17345499286270505,0.7503975268178054,0.045941855894471084,-0.1601229120740787,0.4007696876103878,5,0.7629815745393634,2025-03-06
SPY,2022-01-03,확인(매일),200,2일,0.42683664990593684,0.07760910784608854,-0.20278996714351638,0.7244912413969455,0.38270684166127333,-0.08207280969929442,0.29310344827586204,780,False,0.05278531911873929,-0.20278996714351638,0.5159209382930747,0.1291267677390706,-0.07052667104432442,1.141800738972037,23,0.7688442211055276,2025-03-06
SPY,2022-01-03,확인(매일),200,3일,0.4808852606094898,0.08606699984168009,-0.199990494302427,0.7894777772576446,0.43035545335234276,-0.09375983230220986,0.29310344827586204,767,False,0.053981528852871774,-0.199990494302427,0.520529548904904,0.15330264760549173,-0.06491644346362069,1.338404208248329,15,0.7738693467336684,2025-03-06
SPY,2022-01-03,확인(매일),200,5일,0.47665810725251334,0.08541437488142778,-0.17076109629371417,0.7791597338723727,0.5001980939177886,-0.06196650105043644,0.29310344827586204,746,False,0.06894813630814989,-0.17076109629371417,0.6431713379402887,0.11924058398959425,-0.0747796154199839,1.0527049963174213,11,0.7688442211055276,2025-03-06
SPY,2022-01-03,요일,200,월,0.49238540852898316,0.08783507789573486,-0.18028460659379664,0.8037784330096442,0.4872023161336124,-0.07844814587167637,0.29310344827586204,766,False,0.05574834067575418,-0.18028460659379664,0.5383974168245441,0.15507199097700664,-0.06491644346362069,1.333088624038823,17,0.7654941373534339,2025-03-06
SPY,2022-01-03,요일,200,화,0.5296472139670749,0.09349091330820491,-0.12637615172401706,0.8533408627274087,0.7397828785954201,-0.086766488684205,0.29310344827586204,528,False,0.08343055473346639,-0.11350018935401218,0.7706959111303467,0.1140469200523575,-0.0816207446854279,1.01845415993745,15,0.7671691792294807,2025-03-06
SPY,2022-01-03,요일,200,수,0.33530352898901317,0.06268977503082951,-0.23972336513204862,0.5885356878978317,0.2615088228729712,-0.08206899783428423,0.3275862068965517,808,False,0.04004635559109149,-0.23972336513204862,0.39816995616852735,0.10954153557075896,-0.08775111808934388,0.9783197547926115,19,0.7788944723618091,2025-03-06
SPY,2022-01-03,요일,200,목,0.37139741965691364,0.06866651678325075,-0.2572329620188223,0.6497057824740309,0.26694291526381553,-0.09073261436873559,0.3103448275862069,890,False,0.030775177643115548,-0.2572329620188223,0.3265778279315169,0.14873919519965417,-0.06491644346362069,1.3009681088570686,19,0.7696817420435511,2025-03-06
SPY,2022-01-03,요일,200,금,0.4061642725854917,0.0743071855040125,-0.21119880959469328,0.693268283125604,0.3518352477772658,-0.09375983230220986,0.3448275862068966,780,False,0.051581210124017174,-0.21119880959469328,0.5031672751179764,0.12134056118607162,-0.07841267573096855,1.0734735654529788,17,0.7738693467336684,2025-03-06
SPY,2022-01-03,요일 분할,200,5등분,0.42697956874549536,0.07763180386624025,-0.1994868680686135,0.7324756840529696,0.38915746493918985,-0.07754812324855465,0.3275862068965517,780,False,0.05264617057289289,-0.1994868680686135,0.5210984761978107,0.12949641007577273,-0.06908616803209744,1.1516161702474428,87,,2025-03-06
SPY,2022-01-03,주1회+국채이자,200,,0.5398959835303367,0.09502744004081887,-0.16353380798718786,0.8623800662859022,0.5810874290181259,-0.0784161105288197,0.29310344827586204,752,False,0.06310457220990195,-0.16353380798718786,0.600132259626191,0.16190048891762188,-0.06491644346362069,1.3854967958712856,17,0.7654941373534339,2025-03-06
SPY,2001-01-02,보유,0,,8.344355145953463,0.09063635095231493,-0.5518944036905852,0.5519294494733268,0.16422770433296405,-0.16518626455381924,0.34838709677419355,1798,False,0.06309304919397674,-0.5518944036905852,0.41668720573379453,0.1479046672503841,-0.3371726217076916,0.8241367854191345,1,1.0,2018-03-06
SPY,2001-01-02,주1회,20,,1.7785332372347247,0.04047201710649184,-0.33033760994075856,0.408069700290758,0.1225171336492685,-0.1032287532016708,0.4483870967741935,3329,False,0.021913232178875086,-0.33033760994075856,0.24832103307501588,0.07861429188626978,-0.17923564628656496,0.7295103486327311,333,0.6404754553874653,2018-03-06
SPY,2001-01-02,매일,20,,0.38546789206530985,0.012738331325621077,-0.36494602071096327,0.17010184961107436,0.03490469988083476,-0.12754661099955444,0.49032258064516127,4966,False,-0.0052560181332919065,-0.36494602071096327,0.007583741350538667,0.04970767696584355,-0.2325595982619445,0.495259266616103,733,0.6437171966656375,2018-03-06
SPY,2001-01-02,주1회,50,,1.6578490360744618,0.038679799251377434,-0.33559891402151876,0.3970207924404403,0.11525603223166946,-0.1109888575389465,0.3774193548387097,1448,False,0.026593968554493363,-0.33559891402151876,0.297144417988613,0.06328888505239294,-0.24803624761251697,0.5817917339587212,211,0.6827724606359987,2018-03-06
SPY,2001-01-02,매일,50,,1.1977252536711198,0.031042458933244754,-0.33126334559349235,0.33772212972079324,0.0937093081567144,-0.09794562572170196,0.4129032258064516,2068,False,0.013052123341222854,-0.33126334559349235,0.1760018346570563,0.06799166666214007,-0.2025592952557781,0.6408552984391603,445,0.6792219820932387,2018-03-06
SPY,2001-01-02,주1회,60,,2.6392782283836502,0.05143029727991455,-0.3074281672596545,0.5047673648478662,0.16729207911673366,-0.09286414976564616,0.35161290322580646,1297,False,0.041238320562225095,-0.3074281672596545,0.42861056897774413,0.07212832971906513,-0.2734761099679006,0.6443187165780629,179,0.6989811670268602,2018-03-06
SPY,2001-01-02,매일,60,,1.775103409692683,0.04042212431769632,-0.24924050506487616,0.4193773058613413,0.16218120047210874,-0.10192107622776636,0.3741935483870968,1148,False,0.026589374855767955,-0.24924050506487616,0.3015654047926178,0.06865824419317401,-0.20803881979039052,0.6375931522928053,403,0.6934238962642791,2018-03-06
SPY,2001-01-02,주1회,100,,3.243439810015685,0.05771852887573936,-0.29183705834599827,0.5574225620208277,0.19777655792880497,-0.11098885753894672,0.3258064516129032,1820,False,0.040290851348646406,-0.29183705834599827,0.4198662298492839,0.09346842985722903,-0.25604761252594566,0.8081547620641055,123,0.7241432540907687,2018-03-06
SPY,2001-01-02,매일,100,,3.698683213443382,0.06191158890187731,-0.31680179397265484,0.6063943420875293,0.1954268886091639,-0.09380500252764279,0.36451612903225805,2033,False,0.04027102247097636,-0.31680179397265484,0.4271325892833194,0.10656657226914068,-0.17952572373894304,0.9362247145234491,277,0.7196665637542451,2018-03-06
SPY,2001-01-02,주1회,120,,3.168069240986064,0.056982861579428556,-0.31612171484953944,0.5524375007116241,0.1802560814480903,-0.11098885753894683,0.32903225806451614,3000,False,0.028728302314913856,-0.31612171484953944,0.31657493804318926,0.11585145066380464,-0.20781441230738984,0.983520072303225,125,0.7204384069157147,2018-03-06
SPY,2001-01-02,매일,120,,2.2974613509362247,0.04741181416020224,-0.3990979903180323,0.47772327922826874,0.11879742647268361,-0.09293777603661457,0.3709677419354839,3558,False,0.023243839246824605,-0.3990979903180323,0.2715090480038281,0.09748175626800926,-0.2074469556250499,0.8466954321921166,289,0.7266131522074715,2018-03-06
SPY,2001-01-02,주1회,150,,3.9619173635658758,0.06416124697515402,-0.2587791418247024,0.6133673716333412,0.24793824773797649,-0.11037988853188707,0.31290322580645163,996,False,0.04037579317687956,-0.2587791418247024,0.42658344817078675,0.11339001520781666,-0.20948004964539557,0.9422281283805978,107,0.7344859524544612,2018-03-06
SPY,2001-01-02,매일,150,,3.3213754813679257,0.05846614167581721,-0.24410247384065054,0.5660700209856053,0.23951474459035493,-0.10374077648695856,0.33548387096774196,1090,False,0.04438066317426559,-0.24410247384065054,0.46618524217528295,0.08722462459590141,-0.20527625215462675,0.7410461351837566,229,0.7368014819388701,2018-03-06
SPY,2001-01-02,주1회,200,,4.35999010931842,0.06735424771068321,-0.22872974749484198,0.6396133836572668,0.2944708698731987,-0.11037988853188707,0.2903225806451613,1106,False,0.05047505172971389,-0.22872974749484198,0.5194871750272444,0.10194795326056894,-0.18028460659379641,0.8505539705201403,85,0.7431305958629206,2018-03-06
SPY,2001-01-02,매일,200,,4.116593765833985,0.0654302157756863,-0.2506936254134341,0.6253045489061457,0.2609967272513665,-0.12092249396895127,0.3032258064516129,1106,False,0.05113368530159734,-0.2506936254134341,0.5299119306089637,0.09462667208044495,-0.2072401833047981,0.7919473108038475,165,0.7452917567150356,2018-03-06
SPY,2001-01-02,주1회,250,,6.127886822150464,0.07923193671131523,-0.2273629857411058,0.7274078232804104,0.34848212629269054,-0.11037988853188707,0.2645161290322581,805,False,0.06267023724622178,-0.2273629857411058,0.6228580614442527,0.11315527583239215,-0.18213325846755968,0.9105758784839708,59,0.755634455078728,2018-03-06
SPY,2001-01-02,매일,250,,4.09280548526092,0.06523747558447512,-0.2591497972660287,0.6044763755693909,0.25173654879423263,-0.11263431312445682,0.2903225806451613,1056,False,0.05632516483639072,-0.21429304648501368,0.5677482602243671,0.08330724212391605,-0.2591497972660287,0.6724142637396343,139,0.755788823711022,2018-03-06
SPY,2001-01-02,버퍼(매일),200,±1%,4.846885005248567,0.07096326416540788,-0.25465860318845757,0.6682665221245518,0.278660384047156,-0.11263431312445671,0.2903225806451613,867,False,0.06445420604607266,-0.19636120731871154,0.6558397536801703,0.08412262411860394,-0.25465860318845757,0.6975706291358981,77,0.740660697746218,2018-03-06
SPY,2001-01-02,버퍼(주1회),200,±1%,5.556932930481531,0.07573934225512602,-0.22083405649701304,0.7116310408910743,0.3429694833149544,-0.11037988853188707,0.2838709677419355,1027,False,0.05879545466992675,-0.21052193055361146,0.5949922815539671,0.11046514536499452,-0.22083405649701304,0.9177220341935711,69,0.7380364309972214,2018-03-06
SPY,2001-01-02,버퍼(매일),200,±2%,6.615908880917272,0.08201027387783921,-0.22092309208242655,0.7521787084591854,0.37121639528402545,-0.11037988853188718,0.25806451612903225,819,False,0.07324562999110884,-0.200617628232039,0.7270443726826453,0.0997796645920237,-0.22092309208242655,0.8030906890159163,39,0.7377276937326336,2018-03-06
SPY,2001-01-02,버퍼(주1회),200,±2%,6.5053440300434655,0.08139613291888437,-0.23916400326101273,0.7252898546937514,0.3403360531227282,-0.12134165448793766,0.25161290322580643,765,False,0.07655524407076841,-0.19571643219349144,0.7544836203476332,0.09116897845021743,-0.23916400326101273,0.6982102395794071,39,0.7352577956159309,2018-03-06
SPY,2001-01-02,버퍼(매일),200,±3%,7.393773501696204,0.08610323685953136,-0.2476625924046726,0.7814754451588352,0.3476634724021684,-0.11037988853188718,0.24516129032258063,780,False,0.0804451785379523,-0.20545685444116402,0.7852484979555885,0.09753547744082058,-0.2476625924046726,0.7852077905039366,25,0.7321704229700525,2018-03-06
SPY,2001-01-02,버퍼(주1회),200,±3%,6.080212214298715,0.07895078941638412,-0.33242498625880146,0.6975277279381751,0.23749956435259917,-0.18689439502179328,0.23870967741935484,749,False,0.07837132725668705,-0.21020187620962216,0.7675603588445759,0.08013663569981677,-0.33242498625880146,0.6127354063602549,25,0.7290830503241741,2018-03-06
SPY,2001-01-02,버퍼(매일),200,±4%,8.401577212973073,0.09089488169505033,-0.2027020271400053,0.8148204285080534,0.4484162441664665,-0.11037988853188707,0.23225806451612904,723,False,0.08622390741666064,-0.16283776477536682,0.8409895819504813,0.10032619402078669,-0.2027020271400053,0.7873102720423977,17,0.7335597406606977,2018-03-06
SPY,2001-01-02,버퍼(주1회),200,±4%,7.3956084233508825,0.08611245362807574,-0.33242498625880146,0.7443356083065843,0.2590432644585716,-0.18689439502179328,0.22903225806451613,664,False,0.0907795903558326,-0.15950335349765943,0.8769984886413541,0.07686784036423178,-0.33242498625880146,0.5783265210095797,17,0.7332510033961099,2018-03-06
SPY,2001-01-02,버퍼(매일),200,±5%,8.192608906743555,0.0899433179918585,-0.21212960886160737,0.8009106669967329,0.4240017151520664,-0.07945451518502833,0.23870967741935484,709,False,0.0869034328680034,-0.16076926300920802,0.8341098677104019,0.09607774378271805,-0.21212960886160737,0.7590305145481125,17,0.7360296387774005,2018-03-06
SPY,2001-01-02,버퍼(주1회),200,±5%,6.23046846215951,0.0798308038727642,-0.33242498625880146,0.690067449598043,0.24014682160688683,-0.18689439502179328,0.24193548387096775,1008,False,0.08705374167713176,-0.16141849018223087,0.8313782001297649,0.06555694958729474,-0.33242498625880146,0.5051753798462578,17,0.736955850571164,2018-03-06
SPY,2001-01-02,확인(매일),200,2일,5.6545552368019765,0.07635673253429531,-0.2186340200296495,0.7193952584947526,0.3492445161276383,-0.11037988853188707,0.2903225806451613,887,False,0.06385540319589289,-0.2186340200296495,0.6435295386707066,0.1018235735420101,-0.20278996714351571,0.8549529009894972,95,0.7437480703920963,2018-03-06
SPY,2001-01-02,확인(매일),200,3일,5.886542416987963,0.07778964834432212,-0.2135961381155813,0.715148618041315,0.36419033148543406,-0.11637167943162652,0.27741935483870966,874,False,0.06364521422303215,-0.2135961381155813,0.63694821846785,0.10666707296573108,-0.1999904943024272,0.8523381274370168,69,0.7454461253473295,2018-03-06
SPY,2001-01-02,확인(매일),200,5일,6.003370840213131,0.07849378664927031,-0.2598056427075984,0.7087647006871806,0.3021250263513797,-0.13693091609068408,0.25806451612903225,746,False,0.07086273838449109,-0.1860929865565768,0.6931764955397003,0.09394329148315994,-0.2598056427075984,0.7440226407101275,43,0.7437480703920963,2018-03-06
SPY,2001-01-02,요일,200,월,4.35999010931842,0.06735424771068321,-0.22872974749484198,0.6396133836572668,0.2944708698731987,-0.11037988853188707,0.2903225806451613,1106,False,0.05047505172971389,-0.22872974749484198,0.5194871750272444,0.10194795326056894,-0.18028460659379641,0.8505539705201403,85,0.7431305958629206,2018-03-06
SPY,2001-01-02,요일,200,화,5.561355520713395,0.07576750241982921,-0.2112667741334997,0.6959945173439755,0.3586342562884576,-0.11905127924471703,0.27741935483870966,1033,False,0.06365525149922546,-0.2112667741334997,0.6330169578322656,0.10042900987002823,-0.18948382810730702,0.8080903128405859,77,0.744365544921272,2018-03-06
SPY,2001-01-02,요일,200,수,6.67763733872641,0.08234943177797338,-0.2413103030171324,0.7626102187685556,0.34125949347519896,-0.08860093843718053,0.27741935483870966,910,False,0.06835191760175618,-0.2413103030171324,0.680701884013023,0.11092046958648782,-0.23972336513204873,0.9080685127431809,77,0.750077184316147,2018-03-06
SPY,2001-01-02,요일,200,목,5.384972541408263,0.07463000986290047,-0.2572329620188224,0.6795335777437805,0.29012615365148886,-0.13693091609068397,0.27741935483870966,890,False,0.07156417361520884,-0.21249129356506113,0.7027409937833996,0.08081184382429996,-0.2572329620188224,0.6525391101592781,69,0.7486878666255017,2018-03-06
SPY,2001-01-02,요일,200,금,5.579601418263273,0.07588348780313359,-0.2175840794346775,0.7143212089086325,0.3487547802223973,-0.12092249396895138,0.2870967741935484,1026,False,0.06287905736982458,-0.2175840794346775,0.634513251578489,0.10239306333836251,-0.2111988095946935,0.8563745914015866,77,0.738808274158691,2018-03-06
SPY,2001-01-02,요일 분할,200,5등분,5.512711385685952,0.07545676011224067,-0.20642557919281979,0.7161898782179865,0.3655397766463689,-0.0988140667846572,0.3064516129032258,874,False,0.06376719057481894,-0.20642557919281979,0.6510528522486182,0.09924434324953513,-0.2037073063687893,0.8325582375497403,385,,2018-03-06
SPY,2001-01-02,주1회+국채이자,200,,5.017853712792349,0.07216229126135976,-0.22842546500768013,0.6798993934307871,0.31591176254772435,-0.11037191016475967,0.2903225806451613,1106,False,0.055224032050938066,-0.22842546500768013,0.5622562067560858,0.10687781578156641,-0.16353380798718942,0.8868955027195228,85,0.7431305958629206,2018-03-06
QQQ,2022-01-03,보유,0,,0.9589257987643143,0.15187266674470767,-0.3482795465057116,0.7282281869500621,0.4360654200582435,-0.13595748730415524,0.39655172413793105,708,False,0.08201264352683735,-0.3482795465057116,0.45455466961894886,0.3055931731470747,-0.16997584374911467,1.2986055576807447,1,1.0,2025-03-06
QQQ,2022-01-03,주1회,20,,0.5296520271804837,0.09349163682544326,-0.25418646061100714,0.6924618467293072,0.3678073041369331,-0.14280027506577364,0.41379310344827586,560,False,0.043734395381942015,-0.25418646061100714,0.35715763781752663,0.20032406592080565,-0.13471810388571204,1.5166687733912767,63,0.6046901172529313,2025-03-06
QQQ,2022-01-03,매일,20,,0.46217234105514904,0.08316668511212022,-0.19274681737444177,0.6210546914791347,0.43148149601119234,-0.08656622445502349,0.46551724137931033,284,False,0.07193746907521703,-0.15080802489786949,0.5389751785269751,0.10611195070140345,-0.19274681737444177,0.8009099093644161,133,0.6214405360134003,2025-03-06
QQQ,2022-01-03,주1회,50,,0.583639911763141,0.1014962548374716,-0.24273131181801688,0.7138836126763634,0.4181424064216588,-0.08545035199399165,0.3275862068965517,708,False,0.02623905434166307,-0.24273131181801688,0.24643875256675604,0.2690286471197614,-0.0965742358459798,1.6706751304762826,35,0.6716917922948074,2025-03-06
QQQ,2022-01-03,매일,50,,0.6207571807045167,0.10687536965685673,-0.16240541232328431,0.7593659702553421,0.6580776350243215,-0.0913729661061734,0.39655172413793105,284,False,0.07514990374530472,-0.16240541232328431,0.557409155274383,0.17330921241023,-0.1495892620664876,1.1813831725593198,77,0.6591289782244556,2025-03-06
QQQ,2022-01-03,주1회,60,,0.6686847873425943,0.11367906280765738,-0.24273131181801688,0.7824574209611997,0.46833291492646845,-0.08545035199399165,0.3275862068965517,526,False,0.0466702983264089,-0.24273131181801688,0.37300284906914954,0.26094045494608853,-0.0965742358459799,1.6342520934367675,35,0.6800670016750419,2025-03-06
QQQ,2022-01-03,매일,60,,0.6204897082745431,0.10683695663258086,-0.18396247063965998,0.7556703534605537,0.5807540867498447,-0.07511073668882307,0.39655172413793105,508,False,0.05846936710362183,-0.18396247063965998,0.4520457247551535,0.21042250405972052,-0.12182008599410876,1.3886797711764218,65,0.6649916247906198,2025-03-06
QQQ,2022-01-03,주1회,100,,0.7697456803243008,0.1275343674354854,-0.20573380968513244,0.8561555722352671,0.6198998970109569,-0.0984947189944434,0.3103448275862069,508,False,0.0590496635600688,-0.20573380968513244,0.45123760461685397,0.27820274111234644,-0.1121780697081135,1.655555866339365,23,0.6926298157453936,2025-03-06
QQQ,2022-01-03,매일,100,,0.4894383778254101,0.08738301794375292,-0.23933808405794488,0.6245210532950883,0.36510285560152256,-0.09744089879000717,0.3448275862068966,555,False,0.03174285618947126,-0.23933808405794488,0.2810173301708909,0.20789208945620175,-0.1121780697081135,1.3170730772570354,47,0.6943048576214406,2025-03-06
QQQ,2022-01-03,주1회,120,,0.5588287965452496,0.09784479158011972,-0.22731019623281457,0.6812664556416279,0.43044611813147876,-0.13524525906459384,0.3275862068965517,555,False,0.034976308658018374,-0.22731019623281457,0.3023242475978125,0.2353437059046597,-0.1121780697081135,1.4077622798120508,17,0.7093802345058626,2025-03-06
QQQ,2022-01-03,매일,120,,0.6850160973815702,0.11596216510865731,-0.18453867698498272,0.7960734608757706,0.6283894899609257,-0.09134378686386413,0.3275862068965517,508,False,0.06645611997794654,-0.18453867698498272,0.5011516000215598,0.22211110805581025,-0.1121780697081135,1.3733632033724812,33,0.7093802345058626,2025-03-06
QQQ,2022-01-03,주1회,150,,0.7507919107498453,0.1249843131333781,-0.20860782380649467,0.8425209443470252,0.5991353097538373,-0.13524525906459384,0.3275862068965517,527,False,0.07598596035068095,-0.20860782380649467,0.5642509470253115,0.2299320663076463,-0.1121780697081135,1.3590311196434868,15,0.7252931323283082,2025-03-06
QQQ,2022-01-03,매일,150,,0.9388370091828644,0.14937866646884435,-0.14298159128160481,0.9930823365426643,1.0447405510730425,-0.0696467509544153,0.3448275862068966,500,False,0.1108994658765794,-0.14298159128160481,0.7848981077825395,0.23060525575019675,-0.1121780697081135,1.3815081456456073,29,0.7303182579564489,2025-03-06
QQQ,2022-01-03,주1회,200,,0.9440410603985017,0.15002669481510034,-0.1600993311844493,0.985480132812288,0.9370850815251417,-0.13524525906459384,0.27586206896551724,526,False,0.1139021779341276,-0.1600993311844493,0.801212213394647,0.22605673821369687,-0.11217806970811339,1.3214003426320493,9,0.7294807370184254,2025-03-06
QQQ,2022-01-03,매일,200,,0.8782826993427042,0.14173536105131945,-0.2168233749848235,0.9302855341369243,0.6536904107374962,-0.101345903910662,0.3448275862068966,556,False,0.10161728914989943,-0.2168233749848235,0.7167452550624555,0.22661271214248035,-0.11217806970811339,1.3248127247542671,21,0.7412060301507538,2025-03-06
QQQ,2022-01-03,주1회,250,,0.7828442768582289,0.12928408758479137,-0.267536499670599,0.8493393141188849,0.48323906361924746,-0.13524525906459384,0.3103448275862069,746,False,0.0667975225452555,-0.267536499670599,0.5106427450656648,0.26559319202385323,-0.11286304068301078,1.429342069794415,17,0.7462311557788944,2025-03-06
QQQ,2022-01-03,매일,250,,0.6369605036279111,0.10919312531894843,-0.30913906337718755,0.7310122251811161,0.35321684722101726,-0.13524525906459384,0.3275862068965517,751,False,0.05839887044944425,-0.30913906337718755,0.45221490177451285,0.21833113941876636,-0.11286304068301067,1.2170703531533618,29,0.7512562814070352,2025-03-06
QQQ,2022-01-03,버퍼(매일),200,±1%,1.055667290463556,0.1636076673377287,-0.15375266337812832,1.0524475716973838,1.0640964763996554,-0.13524525906459384,0.27586206896551724,508,False,0.13638156817663938,-0.15375266337812832,0.9291737706415392,0.22030181603454202,-0.1121780697081135,1.2776032651421738,7,0.7395309882747069,2025-03-06
QQQ,2022-01-03,버퍼(주1회),200,±1%,1.0546061578669774,0.16348133854381453,-0.15375266337812832,1.0477436430221359,1.0632748399405623,-0.13524525906459384,0.27586206896551724,508,False,0.13638156817663938,-0.15375266337812832,0.9291737706415392,0.2199044075478973,-0.11217806970811339,1.2628269665558367,7,0.7378559463986599,2025-03-06
QQQ,2022-01-03,버퍼(매일),200,±2%,0.8741923202082957,0.14121208333736224,-0.19403314370150482,0.931594032289907,0.7277730012693037,-0.13524525906459384,0.27586206896551724,525,False,0.11902009626357124,-0.19403314370150482,0.8354196463828296,0.18715564194896528,-0.1121780697081135,1.105460083261332,7,0.7395309882747069,2025-03-06
QQQ,2022-01-03,버퍼(주1회),200,±2%,0.9052797715809591,0.1451666774992777,-0.18325200785229412,0.9508083864189765,0.7921696422354391,-0.13524525906459384,0.27586206896551724,515,False,0.12372406755510279,-0.18325200785229412,0.8666674888353697,0.18952681567904528,-0.11286304068301078,1.1022893101441373,7,0.7378559463986599,2025-03-06
QQQ,2022-01-03,버퍼(매일),200,±3%,0.848869660213802,0.13795235412449003,-0.19403314370150482,0.914017487384016,0.7109731435198107,-0.13524525906459384,0.27586206896551724,525,False,0.11902009626357124,-0.19403314370150482,0.8354196463828296,0.17701178816837748,-0.1121780697081135,1.0570663322302551,7,0.7378559463986599,2025-03-06
QQQ,2022-01-03,버퍼(주1회),200,±3%,0.7919111050790895,0.1304893045767177,-0.18325200785229412,0.8701890139557951,0.7120757153280168,-0.13524525906459384,0.27586206896551724,515,False,0.12372406755510279,-0.18325200785229412,0.8666674888353697,0.14437273937905437,-0.11286304068301078,0.8815271064921946,7,0.7336683417085427,2025-03-06
QQQ,2022-01-03,버퍼(매일),200,±4%,0.863514753499562,0.13984185129103532,-0.1706311603825812,0.9231106294959156,0.819556351709081,-0.11774549592321559,0.27586206896551724,508,False,0.12917705529736523,-0.1706311603825812,0.8954216879859472,0.1617183064580967,-0.11286304068301078,0.9764243395951199,7,0.7386934673366834,2025-03-06
QQQ,2022-01-03,버퍼(주1회),200,±4%,0.8296751806751776,0.1354579186293099,-0.16603924945652637,0.8942721148553366,0.8158186637959749,-0.1170207705192653,0.27586206896551724,508,False,0.13114695311222335,-0.16603924945652637,0.9041953458061138,0.14437273937905415,-0.11286304068301078,0.8815271064921937,7,0.7378559463986599,2025-03-06
QQQ,2022-01-03,버퍼(매일),200,±5%,0.7065236720678394,0.1189423930181912,-0.20047005110331428,0.7851976337476094,0.5933175173227897,-0.11774549592321559,0.29310344827586204,508,False,0.12917705529736523,-0.1706311603825812,0.8954216879859472,0.09898109351012874,-0.14072940783437526,0.6138508469129191,7,0.7529313232830821,2025-03-06
QQQ,2022-01-03,버퍼(주1회),200,±5%,0.5613312477346921,0.09821515102932876,-0.2505969152990716,0.6585356495137765,0.3919248204317088,-0.12955388176546967,0.29310344827586204,594,True,0.13114695311222335,-0.16603924945652637,0.9041953458061138,0.035420278758599766,-0.1946017366199727,0.28018149929977515,7,0.7504187604690117,2025-03-06
QQQ,2022-01-03,확인(매일),200,2일,1.0287481769047462,0.16038687767897541,-0.15557065011412874,1.0384258783533702,1.0309584588179932,-0.13524525906459384,0.29310344827586204,508,False,0.13561032037495035,-0.15557065011412874,0.9225385938500655,0.21183963525760996,-0.11217806970811339,1.252971243576917,9,0.7395309882747069,2025-03-06
QQQ,2022-01-03,확인(매일),200,3일,0.934948662835039,0.14889357753063304,-0.18529581597876998,0.9789655240300207,0.8035452756671652,-0.13334526026502613,0.27586206896551724,515,False,0.12283560157649087,-0.18529581597876998,0.8603136713281586,0.20307847965076675,-0.11217806970811339,1.1934301808065244,7,0.7353433835845896,2025-03-06
QQQ,2022-01-03,확인(매일),200,5일,0.8629788290287252,0.13977291386236446,-0.17487565114892722,0.9251295011668603,0.7992702983180394,-0.1265205729760711,0.27586206896551724,512,False,0.12734954938211152,-0.17487565114892722,0.8865825719572255,0.16527308648934258,-0.11217806970811361,0.9975726992503978,7,0.7353433835845896,2025-03-06
QQQ,2022-01-03,요일,200,월,0.9440410603985017,0.15002669481510034,-0.1600993311844493,0.985480132812288,0.9370850815251417,-0.13524525906459384,0.27586206896551724,526,False,0.1139021779341276,-0.1600993311844493,0.801212213394647,0.22605673821369687,-0.11217806970811339,1.3214003426320493,9,0.7294807370184254,2025-03-06
QQQ,2022-01-03,요일,200,화,0.804402930964383,0.13214192900384125,-0.23224761986304865,0.8787075663322382,0.5689700031447575,-0.13334526026502613,0.29310344827586204,556,False,0.1019912519877193,-0.23224761986304865,0.7259987600940366,0.19514108750386927,-0.11217806970811339,1.1560504973480408,9,0.7378559463986599,2025-03-06
QQQ,2022-01-03,요일,200,수,0.7850079471384348,0.1295721345256553,-0.189998955079142,0.8469921786111413,0.6819623532754875,-0.11774549592321559,0.3448275862068966,525,False,0.12078528615687212,-0.189998955079142,0.8187478057421604,0.14757902005642265,-0.11371081590148358,0.9006686702663648,13,0.7504187604690117,2025-03-06
QQQ,2022-01-03,요일,200,목,0.9032359338637561,0.14490825471731505,-0.2009699408424801,0.9416797917424214,0.7210444214186932,-0.1265205729760711,0.29310344827586204,526,False,0.11597065815476593,-0.2009699408424801,0.7999141585685436,0.20528238572914637,-0.11217806970811339,1.201819104076354,9,0.7504187604690117,2025-03-06
QQQ,2022-01-03,요일,200,금,1.0691060378962702,0.16520312316321606,-0.1355773936079291,1.067950662132736,1.2185152610394654,-0.101345903910662,0.29310344827586204,497,False,0.15141530228785482,-0.1355773936079291,1.0205749792532937,0.19356666509199894,-0.1121780697081135,1.156942000663552,7,0.7378559463986599,2025-03-06
QQQ,2022-01-03,요일 분할,200,5등분,0.9011587820522691,0.14464539505788987,-0.17894941877581905,0.9562581846566512,0.8083032403647874,-0.12284049842791378,0.3448275862068966,525,False,0.12107772680531959,-0.17894941877581905,0.8466447167933419,0.1935130567978791,-0.11217806970811361,1.1565973623735601,47,,2025-03-06
QQQ,2022-01-03,주1회+국채이자,200,,1.0114925723092267,0.15830450329025214,-0.14037179440959058,1.032253111792117,1.1277515113067214,-0.13520926130895017,0.27586206896551724,515,False,0.12234995504895729,-0.14037179440959058,0.8522321917308612,0.23395188223553864,-0.1121780697081135,1.3606876824976866,9,0.7294807370184254,2025-03-06
QQQ,2001-01-02,보유,0,,14.410348930132136,0.11202576483646465,-0.7039796483460721,0.5537038955847905,0.15913210715630444,-0.26205337597427103,0.3967741935483871,4053,False,0.0704842521746829,-0.7039796483460721,0.39648824184202003,0.20003362687572435,-0.3511871095254636,0.8877983116222026,1,1.0,2018-03-06
QQQ,2001-01-02,주1회,20,,2.798731482048152,0.05318219257604606,-0.38440352676094003,0.4184638138888076,0.1383499080358854,-0.14280027506577353,0.43870967741935485,4153,False,0.03220865459201905,-0.38440352676094003,0.2835742409343223,0.09642750063427363,-0.2994552018617759,0.7002570554610261,355,0.622105588144489,2018-03-06
QQQ,2001-01-02,매일,20,,1.5935642854296006,0.03769294808187662,-0.3611583867934338,0.3220135549488662,0.10436680819331291,-0.10806543154424997,0.5,4599,False,0.015215974685845124,-0.3611583867934338,0.1756204106004411,0.08415606011125032,-0.21872743283463225,0.6233089697707626,735,0.6214881136153134,2018-03-06
QQQ,2001-01-02,주1회,50,,3.0376151556019124,0.05567878745632937,-0.3407313718515287,0.4356655682657858,0.16340963015460463,-0.15929475232394963,0.3774193548387097,2503,False,0.024492402226407473,-0.3407313718515287,0.23677973914654177,0.12093712274289392,-0.28318497113969243,0.8290331705674786,207,0.6583822167335598,2018-03-06
QQQ,2001-01-02,매일,50,,3.445662135133081,0.05963198360362609,-0.28910233265667373,0.46611482353321076,0.20626600641940385,-0.09409341638664703,0.4096774193548387,1104,False,0.03447025010339888,-0.28910233265667373,0.30394160764470923,0.11181840118040909,-0.19226094061429788,0.7878036074831335,421,0.6588453226304415,2018-03-06
QQQ,2001-01-02,주1회,60,,6.925511137649072,0.08368545260213955,-0.29965042619360127,0.6110120965485264,0.27927693501116924,-0.15929475232394963,0.35161290322580646,1023,False,0.05594792257330172,-0.29965042619360127,0.4434046458509777,0.14138528478391144,-0.2461097640700043,0.9299984890632208,175,0.672892868169188,2018-03-06
QQQ,2001-01-02,매일,60,,4.135058989296109,0.06557923401947718,-0.2917799995797805,0.5056248083874408,0.22475575472590284,-0.1453203588615931,0.3967741935483871,1048,False,0.04852269940961995,-0.2917799995797805,0.3995850861712275,0.10054583141352014,-0.2427764182999036,0.7091189822899854,373,0.6685705464649583,2018-03-06
QQQ,2001-01-02,주1회,100,,8.01955684451272,0.08913943123412738,-0.2797438045600703,0.6416794773048643,0.31864666806226327,-0.15929475232394963,0.3387096774193548,2004,False,0.05431131383605692,-0.2797438045600703,0.43738120928819896,0.16230480966059524,-0.20927732130950571,1.0107273001411599,131,0.7046928064217352,2018-03-06
QQQ,2001-01-02,매일,100,,3.0796749930180853,0.05610360503661904,-0.29887049551548683,0.4388797259805252,0.18771878080455043,-0.13322006512129647,0.3935483870967742,2053,False,0.044887535699504655,-0.29887049551548683,0.37846327718623,0.07891333036284132,-0.26899004103525803,0.5472610096108846,303,0.7073170731707317,2018-03-06
QQQ,2001-01-02,주1회,120,,6.752904501642548,0.08275944745838615,-0.2790157986575972,0.585843892377189,0.2966120479792148,-0.15929475232394963,0.34838709677419355,1998,False,0.05254695007139043,-0.2790157986575972,0.4236401483213738,0.14582972210992606,-0.24178152385946083,0.8617699915479771,115,0.7239888854584748,2018-03-06
QQQ,2001-01-02,매일,120,,4.56159276450576,0.06888534503583443,-0.3283711217450006,0.5143733685496882,0.20977893753193053,-0.13783859687191768,0.36451612903225805,1353,False,0.04642198950049514,-0.3283711217450006,0.38817218924428576,0.11528519602816512,-0.2544608999512058,0.7341944113650123,257,0.7280024698981167,2018-03-06
QQQ,2001-01-02,주1회,150,,8.75610279747722,0.09246369823147305,-0.2959935109619488,0.638342839610896,0.3123842071097283,-0.15929475232394985,0.3258064516129032,1198,False,0.061264736820668464,-0.28010829168288276,0.480579983783871,0.15766208688298167,-0.2959935109619488,0.9028933303331869,85,0.744211176288978,2018-03-06
QQQ,2001-01-02,매일,150,,8.029421464345967,0.0891856526645396,-0.4313572440513034,0.6364102660485432,0.20675589408655512,-0.14080901707456173,0.34838709677419355,2068,False,0.04991631033778576,-0.4313572440513034,0.41403015582539826,0.17220377755551142,-0.23726421391866748,1.0122974376991265,193,0.7465267057733869,2018-03-06
QQQ,2001-01-02,주1회,200,,11.461795008901042,0.10289482837567077,-0.2920873723775136,0.7087545297265185,0.35227414159720155,-0.15929475232394974,0.3161290322580645,1254,False,0.07011565351883564,-0.2920873723775136,0.5549127288662823,0.17152146895296339,-0.26600964278775974,0.9601558030676564,77,0.7364927446742822,2018-03-06
QQQ,2001-01-02,매일,200,,7.636681794083122,0.08730683104663872,-0.27878500670725714,0.624798985573555,0.3131690332913661,-0.15929475232394974,0.34516129032258064,1263,False,0.056504735466999634,-0.27878500670725714,0.4632686409075371,0.15165146828218035,-0.23439483015117546,0.8922673598657759,175,0.7435937017598024,2018-03-06
QQQ,2001-01-02,주1회,250,,11.552729601082568,0.10320618426853301,-0.27080428691811753,0.7113036499264396,0.3811098614540738,-0.16605988197867294,0.31290322580645163,1185,False,0.0780149172785054,-0.26000433946786183,0.613889895562069,0.15539617472951783,-0.27080428691811753,0.8752159819996663,75,0.7489966038900895,2018-03-06
QQQ,2001-01-02,매일,250,,9.736215872089149,0.09653144380123058,-0.31222124639038873,0.6789081477779847,0.3091764090920692,-0.1664566250639007,0.3225806451612903,1082,False,0.07318887302327859,-0.2831157009880234,0.5794470641031424,0.1447765621482513,-0.31222124639038873,0.8467079207537972,139,0.7548626119172585,2018-03-06
QQQ,2001-01-02,버퍼(매일),200,±1%,9.957018647746432,0.09739842733668413,-0.25640333519635927,0.6873811831544446,0.37986412018429594,-0.15929475232394974,0.3225806451612903,1199,False,0.06104756572724712,-0.25640333519635927,0.49511790629983415,0.1739010742187712,-0.23726421391866748,1.005235675312627,79,0.7397344859524545,2018-03-06
QQQ,2001-01-02,버퍼(주1회),200,±1%,10.324511214962657,0.09880482560923931,-0.2959935109619488,0.6845160473582103,0.3338074043857707,-0.15929475232394985,0.31290322580645163,1263,False,0.06529105656116951,-0.27836624629753004,0.5234634877635237,0.1690521128074547,-0.2959935109619488,0.9455882891804888,67,0.7364927446742822,2018-03-06
QQQ,2001-01-02,버퍼(매일),200,±2%,9.613636137024486,0.09604270616976263,-0.279482094730236,0.6787968400004033,0.34364529242013075,-0.15929475232394974,0.31290322580645163,1185,False,0.06545558487162473,-0.279482094730236,0.5263951537709818,0.159899894507052,-0.24695554698424194,0.9311541656900973,57,0.7372645878357518,2018-03-06
QQQ,2001-01-02,버퍼(주1회),200,±2%,8.217962415206165,0.09005987036459473,-0.3111982210845182,0.6322470123023349,0.2893971246067483,-0.15929475232394952,0.3064516129032258,1196,False,0.05818523073000237,-0.3111982210845182,0.4732997901032992,0.1567393135599735,-0.2959935109619488,0.8904161307903261,53,0.736955850571164,2018-03-06
QQQ,2001-01-02,버퍼(매일),200,±3%,11.194345223494757,0.10196627190222185,-0.27948550922711257,0.7134287976286885,0.3648356302414344,-0.15929475232394974,0.2967741935483871,1185,False,0.07052137551072701,-0.27948550922711257,0.5609958595734166,0.16767950332410986,-0.25175095713097717,0.965722616784998,41,0.7338684779252855,2018-03-06
QQQ,2001-01-02,버퍼(주1회),200,±3%,10.010250579896077,0.09760492974013801,-0.2959935109619487,0.6784508408949148,0.32975361325635805,-0.15929475232394963,0.29354838709677417,1225,False,0.07152805341893242,-0.28183329771486176,0.5641726822332983,0.15170333095732502,-0.2959935109619487,0.8686751151061314,41,0.7324791602346403,2018-03-06
QQQ,2001-01-02,버퍼(매일),200,±4%,10.953011993186657,0.10111143219092145,-0.25175095713097717,0.7135866285316044,0.4016327617706602,-0.1250620520220609,0.2806451612903226,1263,False,0.07111715771136562,-0.24068463586334454,0.5741771987480989,0.1636687648287316,-0.25175095713097717,0.9425595082495584,35,0.7134918184624884,2018-03-06
QQQ,2001-01-02,버퍼(주1회),200,±4%,10.276380269132261,0.09862314564074426,-0.31789117907604036,0.6888107488041386,0.31024184416628103,-0.16480655074406836,0.2838709677419355,1270,False,0.07155932694774525,-0.31789117907604036,0.5722945911059316,0.15484410884882638,-0.2959935109619488,0.8811811088763587,35,0.7130287125656066,2018-03-06
QQQ,2001-01-02,버퍼(매일),200,±5%,13.439959534375697,0.1092213655905625,-0.2517509571309773,0.7609993848955374,0.43384687325632854,-0.11571772172170736,0.27419354838709675,711,False,0.09122861738603216,-0.19098403227644145,0.7201508327156871,0.14613368242754143,-0.2517509571309773,0.8426087535867544,25,0.7229083050324174,2018-03-06
QQQ,2001-01-02,버퍼(주1회),200,±5%,11.328239043265347,0.10243355695535739,-0.2959935109619487,0.7076113649601006,0.34606690066433815,-0.16480655074406847,0.27741935483870966,785,False,0.09026281223936428,-0.2485658874275004,0.703820821683008,0.12721521609166242,-0.2959935109619487,0.7346005942013806,25,0.7232170422970052,2018-03-06
QQQ,2001-01-02,확인(매일),200,2일,10.282354071140077,0.09864573543241173,-0.26175163375645705,0.6881802210915583,0.3768676971246537,-0.13159500080728703,0.3258064516129032,1256,False,0.060002004719453605,-0.26175163375645705,0.4867419358846351,0.18023290680151272,-0.2517509571309773,1.0163249275716035,93,0.744519913553566,2018-03-06
QQQ,2001-01-02,확인(매일),200,3일,10.417985631919308,0.09915555312484758,-0.2841881988887195,0.6874886521469077,0.34890805991445917,-0.15480548537225558,0.3096774193548387,1185,False,0.06511345873922902,-0.2841881988887195,0.5216280588383777,0.17056212040287622,-0.2751686258209963,0.9570496066532644,67,0.742358752701451,2018-03-06
QQQ,2001-01-02,확인(매일),200,5일,10.114923552674204,0.09800820337724159,-0.3171427335829491,0.669140656947488,0.30903499591488326,-0.16713259504510714,0.3096774193548387,1263,False,0.06810166526283656,-0.3171427335829491,0.5336692701240471,0.1603812268486342,-0.30078873210927415,0.8910252964093909,53,0.7432849644952145,2018-03-06
QQQ,2001-01-02,요일,200,월,11.461795008901042,0.10289482837567077,-0.2920873723775136,0.7087545297265185,0.35227414159720155,-0.15929475232394974,0.3161290322580645,1254,False,0.07011565351883564,-0.2920873723775136,0.5549127288662823,0.17152146895296339,-0.26600964278775974,0.9601558030676564,77,0.7364927446742822,2018-03-06
QQQ,2001-01-02,요일,200,화,10.046953913725448,0.09774675463238625,-0.25571613705201734,0.6907504799349107,0.3822471110319595,-0.12968698183046112,0.3193548387096774,1199,False,0.06745332526596193,-0.25571613705201734,0.538300796362625,0.1609612824030482,-0.23567284369459185,0.9458534638231776,79,0.740506329113924,2018-03-06
QQQ,2001-01-02,요일,200,수,10.151563880122762,0.0981485055084188,-0.29002292328049817,0.6685561543247004,0.3384163720517141,-0.16713259504510702,0.3193548387096774,1253,False,0.07010440639350946,-0.2551355269501516,0.5490649710800589,0.15648579625957404,-0.29002292328049817,0.8646725837458161,75,0.7530101883297314,2018-03-06
QQQ,2001-01-02,요일,200,목,10.414653648095976,0.09914309862243198,-0.26566189613069213,0.6929526683232835,0.3731927689534318,-0.1335819067434203,0.3193548387096774,1274,False,0.06588683574525422,-0.26566189613069213,0.5257603575785462,0.16882462172530976,-0.23911009570164277,0.9693347397914367,79,0.7426674899660389,2018-03-06
QQQ,2001-01-02,요일,200,금,11.66101840949453,0.10357414447414715,-0.3147722693863044,0.7182687240694268,0.3290446921391151,-0.12218740443477794,0.3225806451612903,1225,False,0.07238187546462549,-0.3147722693863044,0.569387346698178,0.16873297589025626,-0.2535945411784425,0.9654080492936321,77,0.744211176288978,2018-03-06
QQQ,2001-01-02,요일 분할,200,5등분,10.747196972067952,0.10036919351997153,-0.2444139056079433,0.7083200040456807,0.410652549699732,-0.11922056673198411,0.3419354838709677,1236,False,0.06922739140751144,-0.2444139056079433,0.5569341745145624,0.1654251537424456,-0.23851653321899968,0.9579016421572909,387,,2018-03-06
QQQ,2001-01-02,주1회+국채이자,200,,13.209532183511767,0.10852884609864377,-0.2920672864821604,0.7416189807433367,0.3715885041622858,-0.15928721263928503,0.3096774193548387,1211,False,0.07571848634020184,-0.2920672864821604,0.5922960035261329,0.17720972232116416,-0.26600425436641706,0.9868115686150087,77,0.7364927446742822,2018-03-06
코스피,2022-01-03,보유,0,,1.2692374396328607,0.18792787632399266,-0.38630431562721124,0.7447649301873976,0.48647625387997356,-0.2219116897580128,0.4482758620689655,1264,False,-0.04673738798198113,-0.2811007497531952,-0.18502170312884297,0.8453309790563006,-0.38630431562721124,1.6355555640532502,1,1.0,2025-03-06
코스피,2022-01-03,주1회,20,,1.5019866259969228,0.21255576444926105,-0.22629554805070162,1.055416723013216,0.9392838978946145,-0.21847192825161366,0.41379310344827586,364,False,0.003605651220155881,-0.17660247110141725,0.08748910267388295,0.7706125088358295,-0.22629554805070162,1.95146186635108,57,0.5520206362854686,2025-03-06
코스피,2022-01-03,매일,20,,0.7179800025704519,0.12044440479235408,-0.36273958581614185,0.6904386154847403,0.33204097237240193,-0.2134254917114986,0.43103448275862066,343,False,0.0056832716696033625,-0.13562533678701472,0.10836954838983016,0.39102132162958125,-0.36273958581614185,1.2471473285981143,125,0.5640584694754944,2025-03-06
코스피,2022-01-03,주1회,50,,1.5248961889855566,0.21488069101554652,-0.20492070371000204,1.011470303767808,1.0486041045400643,-0.19084644297924613,0.3448275862068966,1161,False,-0.019345504594413754,-0.11366522187308958,-0.15545682109944073,0.8651546228101215,-0.20492070371000204,1.974383131314835,29,0.5786758383490972,2025-03-06
코스피,2022-01-03,매일,50,,0.9014276069000331,0.1445904349575582,-0.2809014242519392,0.7465848436790005,0.5147372796083642,-0.17676176464935878,0.41379310344827586,1260,False,-0.03452084157751556,-0.13899394267001208,-0.3043842971540855,0.6090362411077612,-0.2809014242519392,1.5817374996209377,77,0.5967325881341359,2025-03-06
코스피,2022-01-03,주1회,60,,1.551813217348668,0.2175911133328643,-0.2170715893508226,1.0082570265284454,1.002393330161701,-0.19084644297924624,0.3448275862068966,738,False,-0.0007950595523383841,-0.09933236510068133,0.041995174902189694,0.8086016998768091,-0.2170715893508226,1.8590449877884854,23,0.5958727429062769,2025-03-06
코스피,2022-01-03,매일,60,,1.2703147381609843,0.1880463727478805,-0.2206470076565884,0.8992206675929642,0.8522498208566371,-0.19084644297924613,0.39655172413793105,539,False,-0.03867681760608588,-0.16613968924811096,-0.33834809782369635,0.8150583577765274,-0.2206470076565884,1.885556126664105,65,0.5967325881341359,2025-03-06
코스피,2022-01-03,주1회,100,,1.0762895736717892,0.16594953844738014,-0.2715754839240555,0.7957405005347554,0.6110622949079857,-0.21674307342198662,0.3275862068965517,773,False,-0.04216644227536126,-0.18714881023100705,-0.4081744325683314,0.7281217299654366,-0.2715754839240555,1.6823092297992601,20,0.5580395528804815,2025-03-06
코스피,2022-01-03,매일,100,,1.333584644584366,0.1949290518193556,-0.3243134646876791,0.9105549699629233,0.6010513686413745,-0.26137265746740723,0.3103448275862069,344,False,-0.010582088432362413,-0.1466894071319531,-0.05674483110549341,0.7434134922064399,-0.3243134646876791,1.7292009366379408,48,0.5649183147033534,2025-03-06
코스피,2022-01-03,주1회,120,,1.0278300625021815,0.16017719538152098,-0.3229226171383116,0.7541302963835462,0.4960234646956152,-0.19756244048236993,0.3275862068965517,771,False,-0.035824282668895036,-0.15445701530180422,-0.3316591354303329,0.6802427714493398,-0.3229226171383116,1.5567622854693448,20,0.5735167669819432,2025-03-06
코스피,2022-01-03,매일,120,,0.8393257753320795,0.136630833246282,-0.47093162142830547,0.6654572573665509,0.290128814947464,-0.29235102983100025,0.3103448275862069,339,False,-0.003349118843099852,-0.11156292459430828,0.016409227779774344,0.47865974509023257,-0.47093162142830547,1.220282415263411,44,0.5760963026655203,2025-03-06
코스피,2022-01-03,주1회,150,,1.0154866385786088,0.1586894952230664,-0.38630431562721135,0.7007286272195138,0.41078882322454774,-0.22191168975801268,0.3275862068965517,383,False,-0.019272582598874766,-0.12997100828001684,-0.15738634032384077,0.6177635797810384,-0.38630431562721135,1.3443249448210284,21,0.6036113499570077,2025-03-06
코스피,2022-01-03,매일,150,,0.9404073366065251,0.1494821592939617,-0.4260611201587414,0.703775676870139,0.3508467499645773,-0.28211332080061546,0.3448275862068966,344,False,-0.009905573472185347,-0.12483833899903285,-0.054767936869327995,0.5497368795399986,-0.4260611201587414,1.3190206603388595,47,0.587274290627687,2025-03-06
코스피,2022-01-03,주1회,200,,1.1508886910472813,0.1746309482609838,-0.38630431562721135,0.7486224736145097,0.45205539052145854,-0.2219116897580128,0.3275862068965517,432,False,-0.04582310764945907,-0.20510906234503867,-0.3847886465723529,0.7806036342277305,-0.38630431562721135,1.5719642881697045,15,0.58469475494411,2025-03-06
코스피,2022-01-03,매일,200,,0.964548683560744,0.15247296323656956,-0.387308192452368,0.6994630054504848,0.393673478144465,-0.3301374096912869,0.3103448275862069,428,False,-0.04135891863062702,-0.1976995264406255,-0.3366825588925012,0.6660445421481807,-0.387308192452368,1.4794084108236878,33,0.5915735167669819,2025-03-06
코스피,2022-01-03,주1회,250,,0.9728470100642217,0.1534943157549613,-0.38630431562721135,0.6803049160635611,0.39734041155026933,-0.2219116897580128,0.3275862068965517,462,False,-0.058322748554031634,-0.231769621090952,-0.5110961380141774,0.731208301171905,-0.38630431562721135,1.5078406926809094,17,0.5606190885640585,2025-03-06
코스피,2022-01-03,매일,250,,1.146655636752615,0.17414474753271358,-0.38630431562721135,0.7485101266595359,0.450796795396833,-0.22191168975801268,0.3448275862068966,776,False,-0.05053823766445775,-0.209955620911493,-0.43738738180709513,0.796099442764516,-0.38630431562721135,1.5948981080153077,35,0.5760963026655203,2025-03-06
코스피,2022-01-03,버퍼(매일),200,±1%,0.8933092550284845,0.14356167942630194,-0.3898940679005104,0.6685190197532453,0.3682068829601549,-0.3329645753307978,0.3103448275862069,432,False,-0.04807206119873553,-0.20299644762359315,-0.4048599165935725,0.650711799106984,-0.3898940679005104,1.4561759620243488,17,0.586414445399828,2025-03-06
코스피,2022-01-03,버퍼(주1회),200,±1%,1.0709486556805143,0.16531859586973718,-0.38630431562721135,0.7171932703474486,0.42794913021181924,-0.2219116897580129,0.3275862068965517,784,False,-0.05489445065283882,-0.209098277595133,-0.46002668520498685,0.7720997399896259,-0.38630431562721135,1.5611962074599224,15,0.588993981083405,2025-03-06
코스피,2022-01-03,버퍼(매일),200,±2%,0.8680066180491286,0.14033282302059646,-0.3898940679005105,0.6574434876535273,0.3599255145795275,-0.3329645753307977,0.3275862068965517,784,False,-0.06268986136514654,-0.24077688002045727,-0.5428033147617831,0.6882110794926091,-0.3898940679005105,1.5149843644885737,13,0.5769561478933792,2025-03-06
코스피,2022-01-03,버퍼(주1회),200,±2%,1.1678600404865067,0.176572689135166,-0.38630431562721135,0.7543842707447814,0.4570818445258088,-0.2219116897580129,0.3275862068965517,773,False,-0.0558896056239091,-0.22317555973144776,-0.4682534034063504,0.8278169409932539,-0.38630431562721135,1.6364476217787647,11,0.5829750644883921,2025-03-06
코스피,2022-01-03,버퍼(매일),200,±3%,1.2855979136986346,0.1897226655863895,-0.38630431562721135,0.80376210424181,0.4911223041304937,-0.2219116897580128,0.2413793103448276,713,False,-0.03809068123285697,-0.20475975407017466,-0.34799250802211384,0.820535892947112,-0.38630431562721135,1.6283126292200627,7,0.5133276010318143,2025-03-06
코스피,2022-01-03,버퍼(주1회),200,±3%,1.3425128789837304,0.19588838484360926,-0.38630431562721135,0.8237617761738217,0.5070830868807691,-0.22191168975801268,0.2413793103448276,702,False,-0.02337821113286953,-0.18762192049419035,-0.18937947780285902,0.7937144442026105,-0.38630431562721135,1.594252551126055,7,0.5150472914875323,2025-03-06
코스피,2022-01-03,버퍼(매일),200,±4%,1.3039122675835326,0.19171980330634275,-0.38630431562721135,0.8084474101193971,0.49629216022363787,-0.22191168975801268,0.2413793103448276,709,False,-0.02869365788217748,-0.18281834824485055,-0.23423213357649528,0.7944922267925232,-0.38630431562721135,1.594939921819872,5,0.5253654342218401,2025-03-06
코스피,2022-01-03,버퍼(주1회),200,±4%,1.3562655274047568,0.19736046301466525,-0.38630431562721135,0.8269140435653184,0.5108937566338778,-0.22191168975801268,0.2413793103448276,693,False,-0.02157335878613542,-0.18281834824485055,-0.16275970448215474,0.7937144442026107,-0.38630431562721135,1.594252551126055,5,0.524505588993981,2025-03-06
코스피,2022-01-03,버퍼(매일),200,±5%,1.2482031731736907,0.18560528031931445,-0.38630431562721135,0.7891982396962747,0.4804639058146737,-0.2219116897580128,0.27586206896551724,713,False,-0.03366513885515088,-0.18281834824485033,-0.2882970186212029,0.7852242731039463,-0.38630431562721135,1.5829204035207274,5,0.5210662080825451,2025-03-06
코스피,2022-01-03,버퍼(주1회),200,±5%,1.2841923858397397,0.1895688744476376,-0.38630431562721135,0.8019870046806229,0.49072419535321476,-0.2219116897580128,0.25862068965517243,693,False,-0.031113646927662053,-0.18281834824485055,-0.26125649581719496,0.7937144442026105,-0.38630431562721135,1.5942525511260548,5,0.5202063628546861,2025-03-06
코스피,2022-01-03,확인(매일),200,2일,0.8306455345052737,0.13550144323336988,-0.38910338220174,0.639950174207654,0.3482402092385717,-0.3329645753307977,0.3448275862068966,779,False,-0.06207356935430974,-0.2232456707743823,-0.5448049993707925,0.6646419632706122,-0.38910338220174,1.476506544730142,21,0.592433361994841,2025-03-06
코스피,2022-01-03,확인(매일),200,3일,1.1010409497569649,0.16885688431202506,-0.38630431562721135,0.7281606527201997,0.4371084595259198,-0.22191168975801268,0.3275862068965517,793,False,-0.0529720422102139,-0.23201809304929755,-0.4436032464006852,0.7810472796806365,-0.38630431562721135,1.5709034992923716,17,0.5950128976784179,2025-03-06
코스피,2022-01-03,확인(매일),200,5일,1.0531488468421975,0.16320651584176082,-0.38630431562721135,0.7103910231371455,0.42248173069662837,-0.22191168975801268,0.3275862068965517,801,False,-0.04593165795802967,-0.21645606863981204,-0.3831460347320778,0.7295172786207675,-0.38630431562721135,1.501390723524163,13,0.586414445399828,2025-03-06
코스피,2022-01-03,요일,200,월,1.1508886910472813,0.1746309482609838,-0.38630431562721135,0.7486224736145097,0.45205539052145854,-0.2219116897580128,0.3275862068965517,432,False,-0.04582310764945907,-0.20510906234503867,-0.3847886465723529,0.7806036342277305,-0.38630431562721135,1.5719642881697045,15,0.58469475494411,2025-03-06
코스피,2022-01-03,요일,200,화,1.1392736380343709,0.1732950501285837,-0.38630431562721135,0.7439788831545341,0.44859724087528874,-0.2219116897580128,0.3448275862068966,432,False,-0.04732953290033548,-0.20745856910501193,-0.40212661653984555,0.7801483058148997,-0.38630431562721135,1.569870444004214,17,0.5829750644883921,2025-03-06
코스피,2022-01-03,요일,200,수,1.1025314617562212,0.16903109753361711,-0.38630431562721135,0.7305194767147879,0.43755943357550864,-0.22191168975801268,0.29310344827586204,434,False,-0.05310141923110556,-0.21724494164175745,-0.4640207228235128,0.7823311784885851,-0.38630431562721135,1.5728526877336866,17,0.5838349097162511,2025-03-06
코스피,2022-01-03,요일,200,목,0.7232308807817831,0.12116322624319187,-0.39857507652112967,0.5894316963494419,0.3039909753031651,-0.3301374096912869,0.3275862068965517,806,False,-0.063375417670396,-0.2422998491975269,-0.5486269199088728,0.6067977459067317,-0.39857507652112967,1.3917659028608194,19,0.5915735167669819,2025-03-06
코스피,2022-01-03,요일,200,금,0.7876867566029746,0.12984896605942375,-0.39041729936174885,0.6197434370253935,0.33259019585376937,-0.3329645753307978,0.3620689655172414,801,False,-0.05608241961752747,-0.2344754407050722,-0.46249456348977486,0.6191407391170987,-0.39041729936174885,1.412274659322955,21,0.6027515047291487,2025-03-06
코스피,2022-01-03,요일 분할,200,5등분,0.9807222856445263,0.15446046607496222,-0.38454566964316084,0.6986685560071633,0.40167001807169955,-0.2639949531836835,0.3620689655172414,784,False,-0.05309641947277932,-0.21450643054041263,-0.4648127501428886,0.7164589214460393,-0.38454566964316084,1.5285882029381928,89,,2025-03-06
코스피,2001-01-02,보유,0,,12.518308795771988,0.10637287363357029,-0.5453664915127007,0.55826246506411,0.19504842209597514,-0.2313440050826624,0.4290322580645161,2194,False,0.09553225804346321,-0.5453664915127007,0.5289115683470483,0.12841335268890353,-0.42050902845693283,0.6132433025620837,1,1.0,2018-03-06
코스피,2001-01-02,주1회,20,,5.4573153532582355,0.07509188350826435,-0.34750902932437944,0.5521419640301778,0.21608613639264737,-0.21847192825161343,0.45161290322580644,3388,False,0.04359353408172728,-0.34750902932437944,0.3709167870120021,0.14099572550881456,-0.2262955480507015,0.8631976557333633,359,0.5794774944916588,2018-03-06
코스피,2001-01-02,매일,20,,2.3567931226893886,0.04813199792673517,-0.4264093891735431,0.39354647829958717,0.11287743457062122,-0.21342549171149872,0.4838709677419355,4855,False,0.029461880545703423,-0.40802414750418636,0.2786877852785769,0.08651045309164163,-0.3627395858161423,0.5947283542208631,713,0.5821529745042493,2018-03-06
코스피,2001-01-02,주1회,50,,7.613028376751728,0.08718141004747615,-0.42532877800375857,0.6173789442939908,0.20497416247415484,-0.19084644297924613,0.38064516129032255,5247,False,0.06555875322487581,-0.3576793708556568,0.5213841553859403,0.1317821155748644,-0.21143019572100208,0.7800192091004898,203,0.5876613157066415,2018-03-06
코스피,2001-01-02,매일,50,,7.450909562745473,0.0863797581490815,-0.3329494344721946,0.6169839686082582,0.2594380683842107,-0.1767617646493589,0.4064516129032258,3536,False,0.07838886901465814,-0.2789792155115286,0.6069730981118168,0.10256874194658239,-0.28090142425193887,0.6434627033621034,407,0.5930122757318225,2018-03-06
코스피,2001-01-02,주1회,60,,5.978223889998737,0.07833453734127649,-0.4774340108770446,0.5589126917950837,0.1640740616643046,-0.19084644297924613,0.36774193548387096,5868,False,0.048604326512052154,-0.44680244671787317,0.4042549311651264,0.14037503028873788,-0.2170715893508226,0.8123159202657451,187,0.6007239534151716,2018-03-06
코스피,2001-01-02,매일,60,,7.322440325066758,0.08573392976419147,-0.3959071446132817,0.6056771300833692,0.2165506001361394,-0.19084644297924613,0.4064516129032258,5245,False,0.06406524228724031,-0.3650312734841732,0.5097403438920468,0.130433728404727,-0.22064700765658807,0.767691388244884,379,0.5991501416430595,2018-03-06
코스피,2001-01-02,주1회,100,,3.9581166253088114,0.06412255955557478,-0.453060647040197,0.47045589195395376,0.14153195598532223,-0.2167430734219865,0.35161290322580646,5879,False,0.04172608016204893,-0.4231076663036064,0.35654238376254,0.11039240874027145,-0.2715754839240554,0.6568280467867293,152,0.621026125275417,2018-03-06
코스피,2001-01-02,매일,100,,8.20090878777675,0.08997152607099812,-0.32431346468767885,0.6250772046005051,0.2774214945335147,-0.2613726574674071,0.34838709677419355,3638,False,0.0686382886865915,-0.28212358745910326,0.5378590871097767,0.13395528089360575,-0.32431346468767885,0.773305482100675,296,0.6192949323260938,2018-03-06
코스피,2001-01-02,주1회,120,,5.276162835068154,0.07390499718414456,-0.36968970693196934,0.5265078184994106,0.1999108868826165,-0.19756244048236993,0.3548387096774194,3641,False,0.05343404794011519,-0.358705297371287,0.4407064318821002,0.11607341182573294,-0.3229226171383117,0.668273201802302,130,0.6142587346553352,2018-03-06
코스피,2001-01-02,매일,120,,6.579013945491439,0.08179725553608841,-0.47093162142830525,0.5728435899024282,0.17369242542686475,-0.2923510298310006,0.33548387096774196,3638,False,0.0690884219055552,-0.3152614409747321,0.547089690454407,0.10769772025329405,-0.47093162142830525,0.628653143439801,258,0.617091595845137,2018-03-06
코스피,2001-01-02,주1회,150,,6.7336800865906445,0.08264594994907082,-0.45007823237503786,0.5606262807034145,0.1836257432690151,-0.2219116897580128,0.3419354838709677,5281,False,0.07588642903030096,-0.37737105273274985,0.5914786224461039,0.09632042370632177,-0.38630431562721135,0.5460630823550486,111,0.615675165250236,2018-03-06
코스피,2001-01-02,매일,150,,7.2958304017461035,0.08559896160298375,-0.42606112015874165,0.5918355201058039,0.20090770444177428,-0.28211332080061546,0.3774193548387097,3539,False,0.07494699185617137,-0.30192375944368843,0.5851899934291723,0.10724960617488133,-0.42606112015874165,0.6215581282986313,231,0.614101353478124,2018-03-06
코스피,2001-01-02,주1회,200,,5.220950875340598,0.07353670339010354,-0.43469098363653713,0.5025901539052656,0.16917006829750714,-0.22191168975801268,0.3580645161290323,5285,False,0.05270522893825236,-0.39715297307026065,0.42626342715942583,0.11646974366827356,-0.38630431562721135,0.629074997872934,99,0.6244885111740636,2018-03-06
코스피,2001-01-02,매일,200,,4.366189856958912,0.06739475180951326,-0.48959419684901617,0.4789524890741573,0.13765431094416514,-0.3301374096912869,0.36129032258064514,5299,False,0.04857170372415309,-0.4609971619551676,0.4028349066071061,0.10608360208952838,-0.387308192452368,0.6045770939473821,227,0.6243311299968524,2018-03-06
코스피,2001-01-02,주1회,250,,5.491620863661046,0.0753130390414809,-0.38630431562721135,0.5120377325227993,0.19495779879963587,-0.22191168975801268,0.34516129032258064,3539,False,0.060332442817833565,-0.3412103495287998,0.4745855159848779,0.1059377754968367,-0.38630431562721135,0.5849976918738471,91,0.6262197041233868,2018-03-06
코스피,2001-01-02,매일,250,,4.9836471073874575,0.07191712586642662,-0.38630431562721135,0.4944027930938128,0.18616702676401778,-0.2219116897580128,0.3580645161290323,3535,False,0.0445911119246587,-0.3692011652286883,0.3728409024981755,0.12875735745877903,-0.38630431562721135,0.6835134309356581,191,0.6282656594271325,2018-03-06
코스피,2001-01-02,버퍼(매일),200,±1%,4.71943942371429,0.07003964217997516,-0.4530761847402289,0.4933064120248714,0.15458689849287127,-0.3329645753307977,0.33225806451612905,5289,False,0.05452975302073737,-0.41874163865459,0.44216815550123667,0.10177091131111604,-0.3898940679005105,0.5838148603720195,93,0.62401636764243,2018-03-06
코스피,2001-01-02,버퍼(주1회),200,±1%,3.7960759047103148,0.06275085324574259,-0.549704328081505,0.4432523439414635,0.1141538278673303,-0.2219116897580128,0.3419354838709677,5379,False,0.04500415874466834,-0.47055622245376294,0.3760556228242479,0.0991748372384742,-0.38630431562721135,0.5546174209219611,81,0.6262197041233868,2018-03-06
코스피,2001-01-02,버퍼(매일),200,±2%,4.131044672192144,0.06553969163889062,-0.4724322449494419,0.4693073737656506,0.13872823529626868,-0.3329645753307977,0.3419354838709677,5295,False,0.04845770480769129,-0.46432796013201805,0.40479266235242817,0.10056540224080712,-0.3898940679005104,0.5779956324544416,63,0.6120553981743784,2018-03-06
코스피,2001-01-02,버퍼(주1회),200,±2%,3.673275686671472,0.06168132358436318,-0.5261558143727274,0.43853758354969913,0.11723014722910254,-0.2219116897580129,0.34516129032258064,5363,False,0.03825389252964362,-0.49134603764418605,0.33331470928884116,0.11015516988630125,-0.38630431562721124,0.6015917905000668,59,0.6115832546427448,2018-03-06
코스피,2001-01-02,버퍼(매일),200,±3%,4.621812851852056,0.06932473566342612,-0.4509806003523771,0.4833177206088176,0.15371999507131506,-0.2219116897580128,0.3032258064516129,5267,False,0.04060795855080235,-0.4509806003523771,0.3494851117178346,0.12918171119546762,-0.38630431562721135,0.6884264898572026,43,0.5818382121498269,2018-03-06
코스피,2001-01-02,버퍼(주1회),200,±3%,4.395020814535005,0.0676167993443868,-0.48783208270805256,0.4738861599377448,0.13860670862201713,-0.2219116897580128,0.3032258064516129,5281,False,0.03810567510096896,-0.48783208270805256,0.33293209039316707,0.12920327072175453,-0.38630431562721146,0.6883306628516422,43,0.5807365439093485,2018-03-06
코스피,2001-01-02,버퍼(매일),200,±4%,5.041975586170356,0.07232086069765042,-0.4496265253946322,0.4996645844277399,0.16084651730494592,-0.22191168975801268,0.2870967741935484,5275,False,0.046085319035330086,-0.4496265253946322,0.3863821815086826,0.12680747613504795,-0.38630431562721135,0.6767778013544958,33,0.5900220333648095,2018-03-06
코스피,2001-01-02,버퍼(주1회),200,±4%,4.83257230487329,0.07085357179738883,-0.46239195895714,0.491908866617237,0.15323270750034038,-0.22191168975801268,0.29354838709677417,5281,False,0.04457066826743761,-0.45855677599173716,0.3769571528689121,0.12544453288998758,-0.38630431562721135,0.6707972766542768,33,0.5879760780610639,2018-03-06
코스피,2001-01-02,버퍼(매일),200,±5%,3.5337591472663163,0.06043292111208087,-0.4996684709185466,0.43512182680860406,0.12094603648092164,-0.2219116897580128,0.2870967741935484,5299,False,0.0311967539964626,-0.4558348900766135,0.2884376672799635,0.12143642267813992,-0.38630431562721124,0.6541267926537313,33,0.560434372049103,2018-03-06
코스피,2001-01-02,버퍼(주1회),200,±5%,4.22019133328236,0.06625240548567635,-0.4939283414930785,0.46710031899623294,0.13413363826300045,-0.2219116897580128,0.2870967741935484,5294,False,0.04049282273417498,-0.4401936335093215,0.35072326791995007,0.11972346178691917,-0.38630431562721135,0.64654952946722,33,0.5588605602769908,2018-03-06
코스피,2001-01-02,확인(매일),200,2일,5.037589114588115,0.07229062921552631,-0.4243635000659607,0.5048013218724327,0.17035072338759075,-0.3329645753307977,0.3580645161290323,5286,False,0.058207987869134836,-0.3961240544516488,0.4641079014634082,0.10104514714029156,-0.3891033822017399,0.5805829290524909,121,0.6274787535410765,2018-03-06
코스피,2001-01-02,확인(매일),200,3일,3.927751903486257,0.06386882918003733,-0.4980879706370257,0.4491306533262067,0.12822800979986085,-0.2219116897580128,0.3419354838709677,5359,False,0.04060535046073466,-0.45738761840134234,0.34697640499600935,0.11198958153893601,-0.38630431562721124,0.6088793090595948,93,0.6263770853005981,2018-03-06
코스피,2001-01-02,확인(매일),200,5일,3.7107492773139494,0.062010536388072746,-0.5131718516858091,0.4363534246018745,0.12083775870473672,-0.2219116897580128,0.34838709677419355,5370,False,0.04259629451693425,-0.4796668525140645,0.3557852922253272,0.10195143345701307,-0.38630431562721135,0.5663421029965142,71,0.6295247088448221,2018-03-06
코스피,2001-01-02,요일,200,월,5.220950875340598,0.07353670339010354,-0.43469098363653713,0.5025901539052656,0.16917006829750714,-0.22191168975801268,0.3580645161290323,5285,False,0.05270522893825236,-0.39715297307026065,0.42626342715942583,0.11646974366827356,-0.38630431562721135,0.629074997872934,99,0.6244885111740636,2018-03-06
코스피,2001-01-02,요일,200,화,4.469570567993537,0.06818571445593058,-0.47398103112769163,0.47456685404847854,0.1438574752531841,-0.22191168975801268,0.3548387096774194,5299,False,0.0477411662161249,-0.44347721781610716,0.3954608418643075,0.11030275076799567,-0.38630431562721124,0.6036473724740243,109,0.6181932640856154,2018-03-06
코스피,2001-01-02,요일,200,수,6.460612225491273,0.08113622754685834,-0.3972332038927088,0.5422384031706295,0.20425338756115902,-0.22191168975801268,0.33548387096774196,5267,False,0.061112972276598176,-0.3932827220949662,0.47802438355002536,0.12235130722282217,-0.38630431562721135,0.6535311470708172,97,0.6274787535410765,2018-03-06
코스피,2001-01-02,요일,200,목,3.0090589925160174,0.055381883269187915,-0.5390344453357601,0.40831185319254987,0.10274275373012759,-0.3301374096912869,0.3741935483870968,5380,False,0.03926710602420358,-0.5133241664492156,0.3377592278360264,0.08838364227263673,-0.39857507652112956,0.5238479707874334,111,0.6211835064526283,2018-03-06
코스피,2001-01-02,요일,200,금,3.6039088084225,0.061065170074950714,-0.5362893980278367,0.44159493226109464,0.1138660773446449,-0.3329645753307977,0.3580645161290323,5376,False,0.0476310262415518,-0.49281573360786013,0.39488227736927073,0.08847305213589851,-0.39041729936174896,0.5238174225656358,107,0.6307837582625118,2018-03-06
코스피,2001-01-02,요일 분할,200,5등분,4.552820293952785,0.06881227944162238,-0.473360883662422,0.4847476177912108,0.1453695939326832,-0.2589630623079907,0.3774193548387097,5299,False,0.050088532129511476,-0.44235248739779076,0.41428046157529896,0.10729079315551537,-0.3848363882913436,0.6023852636635857,523,,2018-03-06
삼성전자,2022-01-03,보유,0,,2.3879093198992445,0.29231384980719644,-0.43166287015945326,0.8332003291847618,0.677180897442529,-0.2277136258660507,0.4827586206896552,729,False,-0.11294594464022356,-0.43166287015945326,-0.35009115845336486,1.7440762193254082,-0.4289655172413792,1.9585473435606544,1,1.0,2025-03-06
삼성전자,2022-01-03,주1회,20,,1.6752390529397663,0.2297378384415898,-0.36459098902305986,0.8388643600846597,0.6301248395007898,-0.23916982756461236,0.43103448275862066,846,False,-0.03005344135871202,-0.23151126851923487,-0.13404982918760952,0.977411759094373,-0.24440489755843386,1.6693168379023222,61,0.5150472914875323,2025-03-06
삼성전자,2022-01-03,매일,20,,0.4903852803357287,0.08747584240383866,-0.43847851609651256,0.4362420090798978,0.19949858246779995,-0.25582365634062043,0.5689655172413793,1396,False,-0.13376587443233445,-0.36572590629854473,-0.9359032591601318,0.714159293299719,-0.4337974157249114,1.3967862948402405,139,0.5210662080825451,2025-03-06
삼성전자,2022-01-03,주1회,50,,2.3580772032921744,0.2899140427556919,-0.38600548035690974,0.9656983886660129,0.7510619861863892,-0.22771362586605082,0.41379310344827586,819,False,-0.06741290405209088,-0.21535732984725597,-0.3948362278067327,1.468848609783151,-0.23448275862068968,2.0539226172495417,37,0.5537403267411866,2025-03-06
삼성전자,2022-01-03,매일,50,,1.0155082092712027,0.15869210131572498,-0.4823226184690107,0.6303703167400088,0.32901650314357167,-0.23393029906921514,0.4827586206896552,1400,False,-0.14003409076807416,-0.38016333349095843,-0.9099553015077347,1.104031071191327,-0.3614348916414548,1.7558008427932774,87,0.5683576956147893,2025-03-06
삼성전자,2022-01-03,주1회,60,,2.315466452375709,0.2864569011538092,-0.3497254125658532,0.9540435794039849,0.8190908949170784,-0.22771362586605082,0.3793103448275862,811,False,-0.04847217273248894,-0.21327486844358234,-0.2435730280741878,1.3525110611471685,-0.25907872196388093,1.958045000820145,27,0.5580395528804815,2025-03-06
삼성전자,2022-01-03,매일,60,,1.4187938942930893,0.2039691359764082,-0.46705731159143704,0.7511894512371038,0.43671115067529914,-0.22771362586605093,0.4482758620689655,840,False,-0.13344198981543276,-0.3782962756409346,-0.8825773493576357,1.3248236305179302,-0.24600431605023776,1.9479823625478399,77,0.5640584694754944,2025-03-06
삼성전자,2022-01-03,주1회,100,,1.4588140960360576,0.2081284050223693,-0.44323686528386397,0.7268879434378706,0.46956474364801937,-0.2325779940119761,0.3620689655172414,811,False,-0.07416342642639862,-0.24768110690963185,-0.3984806678825413,1.0578439547439182,-0.44323686528386397,1.60046226625594,36,0.6199484092863284,2025-03-06
삼성전자,2022-01-03,매일,100,,0.8011606363927586,0.13163328819858755,-0.4999635267556096,0.5396736823244973,0.26328578217053034,-0.3154781293209813,0.41379310344827586,1393,False,-0.12252548653307394,-0.3392625510342292,-0.7501242891953557,0.8825255377419075,-0.4999635267556096,1.4514924842531274,70,0.6113499570077386,2025-03-06
삼성전자,2022-01-03,주1회,120,,1.7557756799075834,0.23742704475008236,-0.4325103193739491,0.758477327992837,0.548951167439782,-0.22771362586605082,0.39655172413793105,512,False,-0.04189410322934162,-0.18678815489749434,-0.16333151705144555,1.0648645894832094,-0.4325103193739491,1.5119013431722295,29,0.6362854686156492,2025-03-06
삼성전자,2022-01-03,매일,120,,1.099689027520696,0.16869878522039783,-0.5310594415857097,0.6251532923192327,0.3176646002501603,-0.32365336826347313,0.3793103448275862,538,False,-0.06019684558689753,-0.2464890003382484,-0.26892443431325885,0.8078022030913283,-0.5310594415857097,1.3542355879473944,57,0.6405846947549441,2025-03-06
삼성전자,2022-01-03,주1회,150,,2.7811543909134993,0.3224853225420594,-0.4289655172413793,0.9295994532956219,0.7517744657330967,-0.22771362586605082,0.3620689655172414,507,False,-0.013527358194936112,-0.18678815489749423,0.012182073299335305,1.3780016286954964,-0.4289655172413793,1.7382136456645723,19,0.6552020636285468,2025-03-06
삼성전자,2022-01-03,매일,150,,2.691070075035223,0.31580062587837987,-0.42243407971482205,0.9532954145356759,0.7475737423731802,-0.323653368263473,0.3103448275862069,526,False,-0.029672676379203344,-0.20561146644842176,-0.08041217943876375,1.4206923579552888,-0.42243407971482205,1.8634204666087826,37,0.645743766122098,2025-03-06
삼성전자,2022-01-03,주1회,200,,3.5884800903917755,0.37737834174600127,-0.4289655172413793,1.0431891388275898,0.8797405072856942,-0.22771362586605082,0.29310344827586204,501,False,0.012905228423149229,-0.21134377225393086,0.16347620109536656,1.5483688304906837,-0.4289655172413793,1.864990420302018,11,0.6165090283748925,2025-03-06
삼성전자,2022-01-03,매일,200,,3.5120135176796774,0.3725223949962546,-0.4289655172413793,1.0330473493284769,0.8684203741874102,-0.22771362586605082,0.29310344827586204,501,False,0.01884009727101299,-0.19150846028999235,0.1972109516803143,1.492205057286275,-0.4289655172413793,1.826321403575049,17,0.6147893379191746,2025-03-06
삼성전자,2022-01-03,주1회,250,,3.4293604582663466,0.3671999216178863,-0.4289655172413793,1.027755105921647,0.8560126790127573,-0.22771362586605082,0.25862068965517243,435,False,0.011336757996143643,-0.21134377225393097,0.15418058919006922,1.4999946962843862,-0.4289655172413793,1.8394536121367298,7,0.5803955288048152,2025-03-06
삼성전자,2022-01-03,매일,250,,3.2997965226225645,0.35869653115559785,-0.4289655172413793,1.0111338567460066,0.8361896626617634,-0.22771362586605082,0.25862068965517243,435,False,0.015534046454642736,-0.18678815489749423,0.17846240310495354,1.4333710772352184,-0.4289655172413793,1.794013057135835,15,0.5717970765262252,2025-03-06
삼성전자,2022-01-03,버퍼(매일),200,±1%,3.428578611849437,0.3671492011583364,-0.4289655172413793,1.0224070499918494,0.8558944399993372,-0.22771362586605082,0.29310344827586204,501,False,0.011840947803487989,-0.1985739294260348,0.1573726816550612,1.4972257670554758,-0.4289655172413793,1.829368864522393,13,0.6139294926913156,2025-03-06
삼성전자,2022-01-03,버퍼(주1회),200,±1%,3.8151604867245617,0.391407388644881,-0.4289655172413793,1.0691472828476023,0.9124448770660409,-0.22771362586605082,0.27586206896551724,501,False,0.012106140726823034,-0.21134377225393075,0.15901071081246088,1.6312284612085626,-0.4289655172413793,1.9177258077683592,9,0.6208082545141874,2025-03-06
삼성전자,2022-01-03,버퍼(매일),200,±2%,3.3962387155729736,0.36504500232847725,-0.4289655172413793,1.0178984826524067,0.85098915333809,-0.22771362586605082,0.29310344827586204,501,False,0.007909701602480501,-0.21449000720504574,0.13518188205967777,1.5051346343872187,-0.4289655172413793,1.8350611447969978,9,0.6199484092863284,2025-03-06
삼성전자,2022-01-03,버퍼(주1회),200,±2%,3.696618382211712,0.38413761135634306,-0.4289655172413793,1.0549907696092955,0.8954976470525682,-0.22771362586605082,0.27586206896551724,507,False,0.004179942041297791,-0.21134377225393097,0.11386895232590687,1.6312284612085621,-0.4289655172413793,1.9177258077683588,7,0.6225279449699054,2025-03-06
삼성전자,2022-01-03,버퍼(매일),200,±3%,3.4460368848306997,0.3682800855615538,-0.4289655172413793,1.026019703862337,0.858530746084008,-0.22771362586605082,0.29310344827586204,501,False,0.005372997421689396,-0.21449000720504552,0.1207330230417625,1.5357461517906517,-0.4289655172413793,1.8597042956662269,7,0.6147893379191746,2025-03-06
삼성전자,2022-01-03,버퍼(주1회),200,±3%,3.421527360830283,0.3666914479030232,-0.4289655172413793,1.0221171964388536,0.8548273303205525,-0.22771362586605082,0.29310344827586204,508,False,0.0020748057941475384,-0.21134377225393086,0.10266994691738618,1.5435803581131498,-0.4289655172413793,1.8650831703654374,7,0.6182287188306105,2025-03-06
삼성전자,2022-01-03,버퍼(매일),200,±4%,3.4423139104746943,0.3680392192238011,-0.4289655172413793,1.0252185074702636,0.8579692409558064,-0.22771362586605082,0.29310344827586204,439,False,0.005107383774127117,-0.2610364633281008,0.11949155810320908,1.5357461517906512,-0.4289655172413793,1.8597042956662266,5,0.6036113499570077,2025-03-06
삼성전자,2022-01-03,버퍼(주1회),200,±4%,3.2229470670600575,0.3535567654601699,-0.4289655172413793,0.9966282840919019,0.8242078937576308,-0.22771362586605082,0.29310344827586204,449,False,-0.012344430493393177,-0.28890155788005334,0.019867109911519548,1.5435803581131498,-0.4289655172413793,1.8650831703654378,5,0.6053310404127257,2025-03-06
삼성전자,2022-01-03,버퍼(매일),200,±5%,4.083590757505202,0.40736104685649455,-0.4289655172413792,1.103274635186124,0.9496358809355583,-0.22771362586605082,0.27586206896551724,385,False,0.04770100482161688,-0.18678815489749445,0.36100669491362186,1.540962009309001,-0.4289655172413792,1.863169900649707,3,0.5915735167669819,2025-03-06
삼성전자,2022-01-03,버퍼(주1회),200,±5%,4.07290614324585,0.40673889696388166,-0.4289655172413793,1.102248655443083,0.9481855315074411,-0.22771362586605093,0.27586206896551724,385,False,0.04646691843201234,-0.18678815489749434,0.3542598714878046,1.5435803581131502,-0.4289655172413793,1.8650831703654374,3,0.592433361994841,2025-03-06
삼성전자,2022-01-03,확인(매일),200,2일,3.5885855993704414,0.37738499770021683,-0.4289655172413793,1.043306378831072,0.8797560235776759,-0.22771362586605082,0.27586206896551724,433,False,0.01732726772299431,-0.21787199861127426,0.188763993318643,1.5262995197282168,-0.4289655172413793,1.8493824228435067,13,0.6165090283748925,2025-03-06
삼성전자,2022-01-03,확인(매일),200,3일,3.531802070568352,0.37378524752531916,-0.4289655172413792,1.0355893402914056,0.8713643230091848,-0.2277136258660507,0.29310344827586204,501,False,0.004175768128541479,-0.23274442697474396,0.11372581963292397,1.5726178141718927,-0.4289655172413792,1.8807058126886813,9,0.6173688736027515,2025-03-06
삼성전자,2022-01-03,확인(매일),200,5일,3.629908618726194,0.37998258383362105,-0.4289655172413792,1.0467265352853359,0.8858114896442937,-0.22771362586605082,0.29310344827586204,501,False,0.011466950196368453,-0.19731430949860074,0.15534126706119894,1.5701531373103355,-0.4289655172413792,1.8768925020633185,7,0.6199484092863284,2025-03-06
삼성전자,2022-01-03,요일,200,월,3.5884800903917755,0.37737834174600127,-0.4289655172413793,1.0431891388275898,0.8797405072856942,-0.22771362586605082,0.29310344827586204,501,False,0.012905228423149229,-0.21134377225393086,0.16347620109536656,1.5483688304906837,-0.4289655172413793,1.864990420302018,11,0.6165090283748925,2025-03-06
삼성전자,2022-01-03,요일,200,화,3.900283883484443,0.39654098926979375,-0.4289655172413793,1.0801694541669937,0.9244122740212234,-0.22771362586605093,0.29310344827586204,433,False,0.038636003546672626,-0.19252543078019368,0.3079859394973127,1.5262995197282163,-0.4289655172413793,1.8516500962762208,9,0.6165090283748925,2025-03-06
삼성전자,2022-01-03,요일,200,수,3.6479357713121354,0.3811100460642469,-0.4289655172413793,1.0522187018901072,0.8884398179954309,-0.22771362586605082,0.27586206896551724,433,False,0.028870726434023775,-0.19578365967603428,0.25481534437880776,1.490034829007386,-0.4289655172413793,1.827833486497422,11,0.6122098022355976,2025-03-06
삼성전자,2022-01-03,요일,200,목,3.2714472955735836,0.3568090177979717,-0.4289655172413792,1.0018094102944373,0.8317895109438249,-0.2277136258660507,0.27586206896551724,512,False,-0.016508666040735975,-0.23177811013214278,-0.006190598980776425,1.5837111794276786,-0.4289655172413792,1.8863926577169312,11,0.6130696474634566,2025-03-06
삼성전자,2022-01-03,요일,200,금,3.8302506932120393,0.3923226441345491,-0.4289655172413793,1.0697848315338532,0.9145785112461353,-0.22771362586605082,0.29310344827586204,462,False,0.02507220318864878,-0.19910092936481194,0.2320135821086543,1.570153137310335,-0.4289655172413793,1.876892502063318,9,0.6208082545141874,2025-03-06
삼성전자,2022-01-03,요일 분할,200,5등분,3.6476795467947953,0.3810940453725382,-0.4289655172413793,1.0514793354303338,0.8884025173475569,-0.22771362586605082,0.29310344827586204,464,False,0.01817863442573886,-0.2055258757311701,0.19366848063768016,1.542517677506353,-0.4289655172413793,1.861946517286288,51,,2025-03-06
삼성전자,2001-01-02,보유,0,,84.12658227848101,0.1882932142871181,-0.4666230366492147,0.6816959295277597,0.4035231857373302,-0.26315789473684215,0.4612903225806452,1733,False,0.17027011955465254,-0.4666230366492147,0.6425907177612147,0.2252437901262332,-0.4516483516483516,0.7565017613527949,1,1.0,2018-03-06
삼성전자,2001-01-02,주1회,20,,0.5622451074460726,0.017469011286946223,-0.7953600240233494,0.19536201811866816,0.021963652634411742,-0.23916982756461203,0.5258064516129032,8932,True,-0.03928187371991698,-0.7936514602189764,-0.04766404838702006,0.14123215986026616,-0.43066047532247664,0.643916410666325,373,0.5461126849228832,2018-03-06
삼성전자,2001-01-02,매일,20,,-0.5744510023727905,-0.03262220731828058,-0.8945575935579508,-0.013500804443520727,-0.03646741982093215,-0.2558236563406203,0.603225806451613,8932,True,-0.0679479138721153,-0.8296336064679963,-0.17573742965353792,0.04208556842696165,-0.6058668255698969,0.29265595725979676,819,0.5473717343405728,2018-03-06
삼성전자,2001-01-02,주1회,50,,6.199088350252535,0.07963968613867545,-0.4966270060157072,0.43267247417228594,0.16036116677907086,-0.2277136258660507,0.44193548387096776,5536,False,0.032596977725945386,-0.4966270060157072,0.2556538249042162,0.1802810476832053,-0.46278205323435917,0.7553076216333715,227,0.5610638967579478,2018-03-06
삼성전자,2001-01-02,매일,50,,3.257505382707304,0.05784810303799093,-0.6042061942991608,0.3514577746094575,0.09574232039294285,-0.23393029906921514,0.47419354838709676,6477,False,0.025831546200393296,-0.6030327336633268,0.2288141047058913,0.1249303197578604,-0.6042061942991608,0.5800194394754958,459,0.5654705697198615,2018-03-06
삼성전자,2001-01-02,주1회,60,,7.739822768218749,0.08779834431625111,-0.5658991716789962,0.4611659297527776,0.15514838810553047,-0.2277136258660507,0.3935483870967742,5482,False,0.044487427089116904,-0.5658991716789962,0.3023224644420834,0.17991412910656046,-0.4304639441168461,0.7518331448768997,199,0.5657853320742839,2018-03-06
삼성전자,2001-01-02,매일,60,,2.013939029202977,0.043757535717707574,-0.6724425224675634,0.2984578483389185,0.06507252925816913,-0.24588804287114951,0.45806451612903226,7290,False,-0.0014423170834406696,-0.6724425224675634,0.11823442541251751,0.14040335967819217,-0.5687029887265375,0.6293891972889194,439,0.5657853320742839,2018-03-06
삼성전자,2001-01-02,주1회,100,,3.1938730734502983,0.05722989951836954,-0.6879797399196503,0.3473259857261515,0.08318544311356242,-0.2325779940119761,0.3870967741935484,6834,False,0.025475310535377993,-0.6879797399196503,0.2269169453355225,0.12373938001394169,-0.44323686528386386,0.5562179631191343,164,0.5897072710103871,2018-03-06
삼성전자,2001-01-02,매일,100,,1.794833057961641,0.040703906624602215,-0.6194033123448603,0.2862282761707393,0.06571470609433845,-0.3154781293209813,0.42258064516129035,7927,False,0.014454649179986845,-0.6194033123448603,0.18259702620846147,0.09527154797985249,-0.5135430705084448,0.46830861779874633,354,0.5900220333648095,2018-03-06
삼성전자,2001-01-02,주1회,120,,3.7494556887917785,0.06234794747158623,-0.6095492207190959,0.3623552762600672,0.10228533702009046,-0.22771362586605082,0.3935483870967742,6095,False,0.02472965000724736,-0.6095492207190959,0.22401201755971992,0.14180021484760164,-0.4325103193739491,0.5891279550338532,157,0.6008813345923828,2018-03-06
삼성전자,2001-01-02,매일,120,,2.326282884616289,0.04776055851738703,-0.5787117657746461,0.3122620245681779,0.08252909538387593,-0.32365336826347313,0.4129032258064516,4919,False,0.022595633961131956,-0.5787117657746461,0.21543073521288209,0.09997985316970981,-0.5310594415857095,0.4781848260237289,305,0.6032420522505508,2018-03-06
삼성전자,2001-01-02,주1회,150,,10.235027740944346,0.09845549170568368,-0.5481497969481108,0.4883190466524063,0.1796142081121736,-0.22771362586605082,0.36451612903225805,2882,False,0.05607384914855951,-0.5481497969481108,0.3489003234193493,0.1884251137551387,-0.4289655172413792,0.7156125789882394,121,0.613314447592068,2018-03-06
삼성전자,2001-01-02,매일,150,,7.508380332956829,0.0866656202394136,-0.5033078372912398,0.4527990001952588,0.17219207375319373,-0.32365336826347313,0.3935483870967742,2882,False,0.04770264936208335,-0.5033078372912398,0.3160461688040998,0.16902340790692993,-0.42243407971482205,0.6825958354559347,259,0.6100094428706326,2018-03-06
삼성전자,2001-01-02,주1회,200,,13.041891195276055,0.10800612699998902,-0.4936285212336382,0.5204743457700085,0.21880041844030498,-0.22771362586605082,0.35161290322580646,2283,False,0.06368527747645425,-0.4936285212336382,0.3781059298481996,0.20230427947414098,-0.42896551724137943,0.754071628093433,103,0.6161473087818697,2018-03-06
삼성전자,2001-01-02,매일,200,,6.256621726748401,0.07997334711675497,-0.5601294008051207,0.42383506327819387,0.14277655663459657,-0.22771362586605082,0.3774193548387097,3156,False,0.030197823803628898,-0.5601294008051207,0.24597144316096153,0.1868846444807848,-0.4289655172413793,0.7128194527449447,199,0.6183506452628266,2018-03-06
삼성전자,2001-01-02,주1회,250,,8.820673164771977,0.09273321810257174,-0.5842530774403324,0.4686104862381411,0.1587209750076879,-0.22771362586605082,0.3419354838709677,4752,False,0.05724625642271941,-0.5842530774403324,0.35369554421742044,0.16735354237269262,-0.4289655172413793,0.6569279372925433,97,0.607176581680831,2018-03-06
삼성전자,2001-01-02,매일,250,,6.944177671648655,0.08377516353024705,-0.6118567084598806,0.4377966943432875,0.13691957997995896,-0.22771362586605082,0.3870967741935484,4940,False,0.04594147949661642,-0.6118567084598806,0.30886892460957577,0.16362743254498713,-0.4289655172413793,0.6481062596153433,217,0.609537299338999,2018-03-06
삼성전자,2001-01-02,버퍼(매일),200,±1%,5.942504338031846,0.07811973846264042,-0.5130752200598382,0.41732941283249414,0.1522578666994083,-0.22771362586605093,0.36129032258064514,2895,False,0.03160195058796944,-0.48093385397979393,0.25155246445468726,0.17757099332255577,-0.4289655172413793,0.6874438581818043,127,0.6181932640856154,2018-03-06
삼성전자,2001-01-02,버퍼(주1회),200,±1%,14.893149753442659,0.11334568195502359,-0.513169702461199,0.538341697477637,0.2208736825486959,-0.22771362586605082,0.33548387096774196,2500,False,0.06751056343228212,-0.513169702461199,0.39260852429228466,0.2110458730355469,-0.4289655172413793,0.7781311464726772,89,0.6189801699716714,2018-03-06
삼성전자,2001-01-02,버퍼(매일),200,±2%,6.838526678580528,0.08321204250471448,-0.5375002055747149,0.43498521223846054,0.15481304312384608,-0.2277136258660507,0.34838709677419355,4707,False,0.04296578521375549,-0.5375002055747149,0.29647535585626505,0.16845336900911612,-0.4289655172413793,0.6623036683611456,91,0.6180358829084042,2018-03-06
삼성전자,2001-01-02,버퍼(주1회),200,±2%,10.169173653910446,0.09820484374328364,-0.524428796283652,0.4863185901352518,0.18726058606851712,-0.2277136258660507,0.33225806451612905,4052,False,0.06153107076951292,-0.524428796283652,0.3694091737380605,0.17543228981216563,-0.4289655172413793,0.679020913116012,83,0.6185080264400378,2018-03-06
삼성전자,2001-01-02,버퍼(매일),200,±3%,9.406605463518341,0.0951942145474538,-0.5213640760739727,0.47529966303579513,0.1825868311915441,-0.22771362586605093,0.3548387096774194,2488,False,0.05140484615249408,-0.5213640760739727,0.32908630626753566,0.1883546414071655,-0.4289655172413793,0.7160106707400861,65,0.630154233553667,2018-03-06
삼성전자,2001-01-02,버퍼(주1회),200,±3%,10.331757176088225,0.09882110594713911,-0.5317616403649097,0.48759762456919337,0.18583722187882018,-0.22771362586605082,0.34516129032258064,2876,False,0.059653687402029476,-0.5317616403649097,0.361743565341717,0.18158813481278968,-0.4289655172413793,0.6942177854954754,65,0.6288951841359773,2018-03-06
삼성전자,2001-01-02,버퍼(매일),200,±4%,7.403140119816907,0.0861407252361246,-0.5789150433743613,0.4443000860120138,0.1487968333557724,-0.2277136258660507,0.3548387096774194,4829,False,0.03364166597666429,-0.5789150433743613,0.2596136976138503,0.19930521631773512,-0.4289655172413793,0.7447407288961595,59,0.6257475605917532,2018-03-06
삼성전자,2001-01-02,버퍼(주1회),200,±4%,7.7863646145892265,0.08802264319085595,-0.5909972480221579,0.44982739142564265,0.14893917608827134,-0.2277136258660507,0.3419354838709677,4158,False,0.04424985848276841,-0.5909972480221579,0.30119762953203066,0.18118149359790103,-0.4289655172413793,0.6923806099622635,59,0.6262197041233868,2018-03-06
삼성전자,2001-01-02,버퍼(매일),200,±5%,10.017171748682825,0.09762084130089677,-0.5196627012957626,0.48524567390378825,0.18785423902366336,-0.22771362586605082,0.3387096774193548,3176,False,0.04073923378947075,-0.5196627012957626,0.2878777567413701,0.2209168278082314,-0.4289655172413793,0.80702117037582,49,0.6089077746301542,2018-03-06
삼성전자,2001-01-02,버퍼(주1회),200,±5%,10.29114464541829,0.09866796698914926,-0.5200499579140667,0.4879129443947377,0.18972786265555894,-0.2277136258660507,0.33225806451612905,2488,False,0.05029144497507487,-0.5200499579140667,0.3253577931054818,0.20224439861388155,-0.4289655172413793,0.7534525802471858,49,0.6078061063896758,2018-03-06
삼성전자,2001-01-02,확인(매일),200,2일,7.4815395842898536,0.08653234492978812,-0.5417151239918754,0.44657676474063895,0.15973773132294147,-0.22771362586605082,0.35161290322580646,4715,False,0.04117250181220666,-0.5417151239918754,0.2894858663399381,0.18329789560440735,-0.4289655172413793,0.7031621670459809,129,0.6196096946805162,2018-03-06
삼성전자,2001-01-02,확인(매일),200,3일,11.859962352327864,0.10423069417624231,-0.5130589665924286,0.5065613138817888,0.2031553894643121,-0.22771362586605082,0.34516129032258064,3150,False,0.06057142221629919,-0.5130589665924286,0.36518774254615766,0.19705287664452564,-0.4289655172413793,0.7391128088246082,97,0.6229146994019515,2018-03-06
삼성전자,2001-01-02,확인(매일),200,5일,9.58212973302834,0.09590554257681516,-0.5430872941250372,0.4792850158246361,0.17659323577313232,-0.22771362586605082,0.3387096774193548,4013,False,0.05333843247780612,-0.5430872941250372,0.33790586031696995,0.1863045397143206,-0.4289655172413793,0.7101906922256613,75,0.6180358829084042,2018-03-06
삼성전자,2001-01-02,요일,200,월,13.041891195276055,0.10800612699998902,-0.4936285212336382,0.5204743457700085,0.21880041844030498,-0.22771362586605082,0.35161290322580646,2283,False,0.06368527747645425,-0.4936285212336382,0.3781059298481996,0.20230427947414098,-0.42896551724137943,0.754071628093433,103,0.6161473087818697,2018-03-06
삼성전자,2001-01-02,요일,200,화,7.696111242179725,0.0875866376455301,-0.6300173428182974,0.45073664699148963,0.1390225819081791,-0.22771362586605093,0.3548387096774194,4752,False,0.04374180267602168,-0.6300173428182974,0.2998630388357662,0.1809107104181833,-0.4289655172413792,0.6970041930790991,105,0.6136292099464904,2018-03-06
삼성전자,2001-01-02,요일,200,수,9.977647175604353,0.09746771631368212,-0.501964952054925,0.48420541828244407,0.19417235389577,-0.2277136258660507,0.3580645161290323,2894,False,0.05236424034661091,-0.501964952054925,0.33347723945505087,0.19359221248565994,-0.4289655172413793,0.7324357883240821,109,0.619452313503305,2018-03-06
삼성전자,2001-01-02,요일,200,목,6.8491039649497,0.08326874714127963,-0.4993309098222227,0.4349440157546534,0.16676065010861413,-0.22771362586605082,0.36451612903225805,2528,False,0.034429638667761386,-0.4993309098222227,0.26284767698403827,0.18800373668227133,-0.4289655172413793,0.7143598676769332,113,0.6208687440982058,2018-03-06
삼성전자,2001-01-02,요일,200,금,7.851648778374834,0.08833534993573777,-0.5545942248681689,0.45228076659033156,0.15927924593289036,-0.22771362586605082,0.3580645161290323,4063,False,0.041832745154799955,-0.5545942248681689,0.2921267447402837,0.1876922510054313,-0.4289655172413793,0.7126282996462063,105,0.6207113629209946,2018-03-06
삼성전자,2001-01-02,요일 분할,200,5등분,9.083280471276932,0.09385318714256186,-0.5144574082310684,0.4746545948329985,0.1824314037293593,-0.22771362586605093,0.3935483870967742,2500,False,0.048001512284666426,-0.5144574082310684,0.31799078484128696,0.19169663791930303,-0.4289655172413793,0.7280005949512132,535,,2018-03-06
