lookback,btc_ma,sl,tp,abs_mom,full_cagr,full_mdd,full_sharpe,full_calmar,full_total,is_cagr,is_mdd,is_sharpe,is_calmar,is_total,oos_cagr,oos_mdd,oos_sharpe,oos_calmar,oos_total,n_sl,n_tp,exposure,turnover_per_week
7,120,0.0,0.0,False,0.4589200278496157,-0.6892843999336958,0.9162223054691855,0.6657919835321393,7.803220911279054,0.6334639016801986,-0.6487908912305871,1.0847011214806865,0.9763760716163614,5.5764318151210315,0.11591844834651277,-0.6892843999336958,0.47736927412302116,0.1681721628367961,0.2340987666525025,0,0,0.5581395348837209,0.8174015712498333
7,120,0.0,0.0,True,0.3715421436899409,-0.6649997588465036,0.8374190702877182,0.5587101931200863,5.168426255406121,0.5680132544042349,-0.5821699859669377,1.0490537224614045,0.9756828213340651,4.621106817673488,0.031584848305221236,-0.6649997588465036,0.3149189014483071,0.04749602971286446,0.06145090852216817,0,0,0.53156146179402,0.6889100654405007
7,120,0.0,0.1,False,0.18577002992539704,-0.6657275436941918,0.5922706538617782,0.27904813566003245,1.6678512281636153,0.3352169867039114,-0.5559488188997901,0.8250297456148059,0.6029637536910288,2.0332814757893294,-0.09487591334470746,-0.6657275436941918,0.04209668476474789,-0.14251462815888777,-0.17401058666133717,0,328,0.5581395348837209,0.7892167128687225
7,120,0.0,0.1,True,0.14596419552095075,-0.6503923972710117,0.5289483602022081,0.22442481820729063,1.19159547893265,0.31390954076081723,-0.4618288216652776,0.8190152938099271,0.679709723678379,1.8516517546071358,-0.13606717708460236,-0.6503923972710117,-0.1277425719032603,-0.20920782231700133,-0.24459340427879717,0,276,0.53156146179402,0.665046911010731
7,120,0.0,0.2,False,0.2424181230753737,-0.6965057992165968,0.6701228757971205,0.34804896577750877,2.4904312876047747,0.4057568641506235,-0.6221994058521327,0.8833110083199148,0.652133159135566,2.6960009745800266,-0.06586748210090987,-0.6965057992165968,0.13611895066273355,-0.09456846184912616,-0.12249588886607865,0,171,0.5581395348837209,0.8174681708908542
7,120,0.0,0.2,True,0.20248045398350056,-0.6659427559598439,0.6190449447744935,0.3040508394624088,1.891756174832377,0.37957522315361625,-0.5529557182787617,0.8732926841048462,0.6864477762073905,2.438686341052864,-0.09818957623467517,-0.6659427559598439,0.009290505284810053,-0.1474444692969916,-0.17980019966563277,0,151,0.53156146179402,0.6867074319253044
7,120,0.0,0.3,False,0.3250436756696953,-0.69893593075618,0.7776545494818643,0.4650550377600848,4.057221366680458,0.5202375281494431,-0.6402263820763655,1.0040905489244343,0.8125837090034034,3.991613290731337,-0.035538424403509294,-0.69893593075618,0.2050654631533296,-0.05084646938248004,-0.06704325378561182,0,96,0.5581395348837209,0.8184086941415956
7,120,0.0,0.3,True,0.27073573003555973,-0.667473873750465,0.719627122511009,0.40561247515850224,2.97414910621225,0.48091752646698227,-0.5689485323600125,0.9887432029456813,0.8452742192200137,3.5139654171311285,-0.08094528862451955,-0.667473873750465,0.06078714700367812,-0.12127109660442072,-0.14945798857972548,0,86,0.53156146179402,0.6885347048801623
7,120,0.05,0.0,False,0.10705984659657752,-0.7370984450165105,0.4487445844427625,0.14524497686897095,0.796292778298358,0.08943228371829304,-0.7370984450165105,0.4091933075681868,0.12133017553210253,0.38927356992409634,0.10762234883934019,-0.5174932466715589,0.44897246524384377,0.20796860544857626,0.21656351127850804,562,0,0.5581395348837209,0.591240411778407
7,120,0.05,0.0,True,0.08128118717080768,-0.649122603643743,0.39178058731438986,0.12521700325107937,0.5683732023597721,0.11190860913502765,-0.649122603643743,0.46708772827878936,0.1723998032218368,0.5025522615030831,0.005020564687114204,-0.4760200905016384,0.1761127460739578,0.010546959650008562,0.00965066078644461,465,0,0.53156146179402,0.47906176237870246
7,120,0.05,0.1,False,-0.07658411151456668,-0.7687552009281248,-0.11741528891912639,-0.09962093449528019,-0.3679861209941687,-0.0634351277503854,-0.7202211638759106,-0.06747322399691869,-0.08807728921628143,-0.22240727748602585,-0.12262741701149771,-0.5238348190241502,-0.30023504282411506,-0.23409558234395308,-0.2218955099847697,562,203,0.5581395348837209,0.5825971690287964
7,120,0.05,0.1,True,-0.06821304106396708,-0.6600977094966863,-0.13353395097152665,-0.10333779390929626,-0.33427111283841693,-0.01986974543640918,-0.5774749320940203,0.0639149282845285,-0.034407979172980156,-0.07414260134572637,-0.16553867246920762,-0.5200698555051358,-0.6148901463201684,-0.3183008411599293,-0.29323962570067297,465,167,0.53156146179402,0.473759783212517
7,120,0.05,0.2,False,-0.022714942538241245,-0.7581351214420307,0.09393375440845265,-0.02996160169315952,-0.12394094129580568,-0.014171139136924138,-0.7335626866308609,0.12397472326561809,-0.019318238775216295,-0.05330941518952825,-0.06572040785930489,-0.5139276043603695,-0.05854148134040077,-0.1278787270847224,-0.12223090841204853,562,108,0.5581395348837209,0.591678948667086
7,120,0.05,0.2,True,-0.021653820271754554,-0.6252357423003474,0.07185921620731502,-0.03463304927528057,-0.11844882771095833,0.02215306806478079,-0.6247225893783949,0.22366590718043475,0.035460648360455975,0.08774113791824267,-0.11539517105640851,-0.4843403027246119,-0.3283388677722676,-0.23825225860260557,-0.20954822143758156,465,94,0.53156146179402,0.47910309905595083
7,120,0.05,0.3,False,-0.0011464448256354176,-0.7557610386403956,0.16804833705556899,-0.0015169408940395462,-0.006584281278279813,0.013038379307337644,-0.7300658545814902,0.21112075704499378,0.017859182463494182,0.05097940183718319,-0.059893837337184785,-0.5371019808572318,-0.023104245480781202,-0.11151297048205318,-0.11170250455026187,562,60,0.5581395348837209,0.5906216279789138
7,120,0.05,0.3,True,-0.003955929456320506,-0.6378445111027702,0.14083781683242952,-0.0062020279040750775,-0.022568434439940388,0.046837425730779314,-0.6378445111027702,0.3011799178829532,0.07343078903321129,0.19207507242037258,-0.11441614095340935,-0.5065452637362987,-0.2962256296389637,-0.22587545308285223,-0.2078696191640591,465,54,0.53156146179402,0.4776131522520332
7,120,0.1,0.0,False,0.09885170722181358,-0.724180824699004,0.43520350812333614,0.13650141490959797,0.7209342493645488,0.17606575939884328,-0.6727916990059329,0.5703341168496848,0.2616943099312684,0.8635523128329905,-0.08046549795827096,-0.7164890246048857,0.0819180827884518,-0.1123052764173804,-0.14860623218123137,346,0,0.5581395348837209,0.6573782855118565
7,120,0.1,0.0,True,0.03928313036707265,-0.6758802407216268,0.3090984750148327,0.058121436314117814,0.24844322847438827,0.12679235685869594,-0.6415839876546717,0.48637236930699207,0.19762394214698056,0.581231015037091,-0.13113242710677575,-0.6758802407216268,-0.10257430521112289,-0.19401725217882934,-0.23629665718777582,300,0,0.53156146179402,0.5328106236526897
7,120,0.1,0.1,False,-0.10866194483657377,-0.8099063468464698,-0.08988196480782008,-0.13416606161893965,-0.4844162113529418,-0.037897900944048546,-0.6480547852082992,0.09799491005470755,-0.05847947088588709,-0.13782218362501708,-0.25980127731849334,-0.7212673337846066,-0.5375357204431936,-0.36020108654480987,-0.4383895813480815,346,277,0.5581395348837209,0.6417436733068898
7,120,0.1,0.1,True,-0.12845372113811593,-0.7571055395346289,-0.20874221818927208,-0.1696642204164465,-0.5469580225488067,-0.05458946865438474,-0.570567948857924,0.021606983436117836,-0.09567566626140432,-0.19383757965945259,-0.26617272930551716,-0.6800213588935563,-0.7018941349912549,-0.39141818977362614,-0.4476240325021059,300,227,0.53156146179402,0.5218187694067042
7,120,0.1,0.2,False,-0.0444661316166286,-0.8056199758207532,0.11434633171025844,-0.05519492186291333,-0.23044600388092318,0.03824057697213634,-0.6621616073545104,0.3037322253616047,0.05775112381540262,0.15493494411202136,-0.2211848785831304,-0.7272813706908454,-0.35219678456665876,-0.30412559361038854,-0.380855595490172,346,145,0.5581395348837209,0.6602039927708647
7,120,0.1,0.2,True,-0.06963943938992634,-0.7428382860464806,0.01160659798689141,-0.09374777888813458,-0.3401187399714687,0.016908535294107185,-0.6115796359096565,0.2410745083094154,0.027647315739932423,0.06647455268591229,-0.23151674394414734,-0.6815930525142626,-0.5021580021814624,-0.3396700466504575,-0.39651187281881395,300,125,0.53156146179402,0.5340003647117115
7,120,0.1,0.3,False,-0.01448877166910667,-0.7979961455671399,0.19605459827999047,-0.01815644317280433,-0.08061454616840247,0.07303419463244265,-0.6579095919108692,0.3818598141085078,0.11100946928029744,0.31070740859614476,-0.20378842773890904,-0.7363873283792083,-0.27096762823907833,-0.2767408127288777,-0.3540608378788399,346,80,0.5581395348837209,0.658132769062463
7,120,0.1,0.3,True,-0.049241941921866594,-0.7392363356211353,0.0822209281021406,-0.06661190684098554,-0.2523345384461031,0.04317811847697217,-0.6149406824230066,0.30971752201415675,0.07021509506712181,0.17615982795568752,-0.2244853554533628,-0.6933910419354217,-0.440638033203274,-0.32375000811485827,-0.3858777946433871,300,70,0.53156146179402,0.5322180385096237
7,120,0.15,0.0,False,0.17526464844671907,-0.7887852192689162,0.5669302430213894,0.2221956549961252,1.5345718961551666,0.34252677250156216,-0.6029800570543424,0.7986436361852717,0.5680565526078296,2.0975181747777105,-0.13668036561305574,-0.7887852192689162,0.015222003477400657,-0.1732795725301973,-0.24562132237992895,181,0,0.5581395348837209,0.7270990506731034
7,120,0.15,0.0,True,0.15130229560467634,-0.7297784075622225,0.5297008415781687,0.2073263528172776,1.2510426205516594,0.3167633594234571,-0.5072340207118828,0.7812398524189497,0.6244915492436653,1.8754991570600836,-0.13499078008900334,-0.7297784075622225,-0.052332166375400724,-0.1849750262410905,-0.24278736711035176,151,0,0.53156146179402,0.6086639348289817
7,120,0.15,0.1,False,-0.07397327962760858,-0.8091546496977899,0.0667420683052291,-0.09142044682711366,-0.35762586960200415,0.06495326724956962,-0.5893980833997597,0.3688823835374205,0.11020271201919572,0.2732227387763002,-0.3225872062320987,-0.7899352324844426,-0.6024447095908313,-0.4083717157639907,-0.5261845151714446,181,301,0.5581395348837209,0.7069779038027078
7,120,0.15,0.1,True,-0.06382618918813387,-0.7288241908241324,0.053327037265857094,-0.0875741914054213,-0.3160178637099035,0.0666302628744384,-0.46744114758338984,0.36668657008941125,0.14254257080042745,0.2809357053391086,-0.2854742548379957,-0.7288241908241324,-0.6243917613941083,-0.3916915196176324,-0.47515109757290797,151,251,0.53156146179402,0.5911845787683256
7,120,0.15,0.2,False,0.001940419428473783,-0.7947978646197331,0.2574237895617969,0.0024413999015990896,0.011226410080756644,0.1547289338803608,-0.5998028678228504,0.5392606725731365,0.25796631223520494,0.7370834293331021,-0.2741509821405126,-0.7940410563418356,-0.39688151960187446,-0.3452604622279005,-0.45908393751791043,181,158,0.5581395348837209,0.7278468170333804
7,120,0.15,0.2,True,0.010469907035492332,-0.7308897569154185,0.25278061262719825,0.014324878596846927,0.061817151366892364,0.15785953018514776,-0.4912665084746962,0.5495050505161495,0.3213317567185199,0.755229537590365,-0.24050804546514248,-0.7308897569154185,-0.4180049280886342,-0.3290620003763099,-0.4099804960829875,151,138,0.53156146179402,0.607282525905664
7,120,0.15,0.3,False,0.05639845731759041,-0.8037780615442389,0.368266886654888,0.07016670398945234,0.3715819947553092,0.23233066786615053,-0.5967848461154761,0.6613867408747172,0.3893038996858094,1.2296850619778383,-0.2564757631743466,-0.8037780615442389,-0.3163185387511266,-0.31908778734467924,-0.43354065969354894,181,90,0.5581395348837209,0.7266764211908052
7,120,0.15,0.3,True,0.055560286527765346,-0.7445908313026868,0.3531940218652251,0.07461854778759597,0.3653267181688833,0.22637529453617766,-0.48163783268603644,0.6639157591655843,0.4700114467206818,1.1886088293109607,-0.23206133476369006,-0.7445908313026868,-0.358884122627093,-0.3116628959259288,-0.3973317872903239,151,80,0.53156146179402,0.6069982284576629
7,120,0.2,0.0,False,0.20747204669493735,-0.7861449976631996,0.6156504624570688,0.26391066191560575,1.9615719234744415,0.39767503758177614,-0.6077596057140853,0.8553049723781337,0.65432949778643,2.615104183467171,-0.13615084559544233,-0.7861449976631996,0.047269247962126226,-0.17318795642044155,-0.24473370138436168,92,0,0.5581395348837209,0.7732875057969908
7,120,0.2,0.0,True,0.16016907681888237,-0.7619413477497144,0.5470390311047714,0.2102118191799395,1.352728951506911,0.3747714473678212,-0.5428937601157271,0.8462040096649247,0.6903218915021831,2.392953486177122,-0.18800433292020202,-0.7619413477497144,-0.13943346788667393,-0.2467438385847495,-0.329279832511145,80,0,0.53156146179402,0.6473537991618207
7,120,0.2,0.1,False,-0.019961827900342954,-0.7956463779000933,0.20807510199734383,-0.02508881892107287,-0.10963264481908519,0.13959967286477082,-0.5903805985195337,0.5157986008381973,0.23645708076254124,0.6513365806862315,-0.2987117058946712,-0.7733466540523843,-0.4684976071921236,-0.3862584836042199,-0.4936402075694436,92,315,0.5581395348837209,0.7515804240754411
7,120,0.2,0.1,True,-0.03240090044270538,-0.7495598868077827,0.1523287308116534,-0.04322656669995239,-0.17277909688783255,0.14098966294450732,-0.4927133234264647,0.5224360871872595,0.2861494833629142,0.6590810547701003,-0.3105570654882692,-0.7495598868077827,-0.6397479052481954,-0.41431921712201836,-0.50991573296217,80,264,0.53156146179402,0.6288013334374769
7,120,0.2,0.2,False,0.037379391987699906,-0.7932231674468752,0.34136909831424733,0.047123424430494,0.2353306130800603,0.2145792269063025,-0.6046186993247287,0.6343796567566252,0.35490008355010577,1.1089023859894898,-0.27179505304977214,-0.7889108022697655,-0.33389809040076635,-0.3445193705901782,-0.4557118618310714,92,164,0.5581395348837209,0.7743962896113662
7,120,0.2,0.2,True,0.026053515289892415,-0.7601104916084346,0.30127100651987104,0.03427595800547599,0.15965026498329182,0.2211825694416747,-0.5302460060030025,0.654443353028284,0.41713198579080335,1.1532518972209744,-0.28517526199904786,-0.7601104916084346,-0.48874386799483177,-0.37517606341099397,-0.47472982250040896,80,144,0.53156146179402,0.646265764045144
7,120,0.2,0.3,False,0.08808981725219511,-0.797974350838565,0.4348032246917708,0.11039179036221454,0.6261056417345949,0.2880555820264341,-0.6016356340965443,0.7354256187916155,0.47878743495470866,1.6422150693742008,-0.25629512398587095,-0.797974350838565,-0.26311869107387337,-0.32118215794347127,-0.4332766990501852,92,93,0.5581395348837209,0.7739747087228491
7,120,0.2,0.3,True,0.06635635654509175,-0.7702760308254957,0.38526364568329147,0.0861462045936681,0.4477281795265915,0.2854604754845598,-0.5197641067397027,0.7468165919725404,0.5492115976902538,1.6218403324097586,-0.27939502531526383,-0.7702760308254957,-0.4335876766810868,-0.36272065355044153,-0.4665537974805124,80,83,0.53156146179402,0.6467517282202839
14,120,0.0,0.0,False,0.4291176854765182,-0.6752349544569176,0.876856915082346,0.6355086961125284,6.816668715392426,0.5186693450776805,-0.6623910470763605,0.9723914635899494,0.7830258989262701,3.9718783569947744,0.21495822969844247,-0.6752349544569176,0.6152238769553292,0.31834582655948324,0.4526883262073085,0,0,0.5581395348837209,0.5866861978051703
14,120,0.0,0.0,True,0.3990553832556003,-0.661385164791833,0.8537599029491157,0.6033630696588131,5.915908593161147,0.498745258457129,-0.6263803866667761,0.966567000210363,0.7962338366166838,3.726133329203476,0.1985879551095895,-0.661385164791833,0.5930081671240065,0.3002606736304614,0.4153824236347796,0,0,0.5348837209302325,0.5211463944202702
14,120,0.0,0.1,False,0.20200494173902594,-0.6309723015506673,0.6156701218886176,0.32014866776652773,1.8851769221829877,0.29884290730253893,-0.5708976553408414,0.7677222097895078,0.5234614374517297,1.7281659215720233,-0.002318115593278325,-0.6309723015506673,0.24820739707757664,-0.0036738785325145995,-0.004440971532509219,0,345,0.5581395348837209,0.5882090480797708
14,120,0.0,0.1,True,0.17993469750979707,-0.6278293244648481,0.5840842360949653,0.28659810954700243,1.5931233273587218,0.2880261493176013,-0.5288979691314609,0.7665126521810465,0.5445779075132174,1.6419833325866184,-0.01855402490093061,-0.6278293244648481,0.2031574742890195,-0.029552657351177045,-0.03527993403772722,0,306,0.5348837209302325,0.5229473227331727
14,120,0.0,0.2,False,0.2598510273557124,-0.6632321929018798,0.6904330916453335,0.3917949552761764,2.7820618018132093,0.3709177551970415,-0.631655770555186,0.8372189879987966,0.5872150188243004,2.356592008136941,0.02542350836831142,-0.6632321929018798,0.31952669969102826,0.038332741746256935,0.0493258702056707,0,175,0.5581395348837209,0.5912693334577437
14,120,0.0,0.2,True,0.2295723130842262,-0.6579675324271422,0.6525600635836398,0.3489113090996585,2.287646492984064,0.35362570214918043,-0.5919056630122468,0.8285469802623238,0.5974359163072642,2.1969690451037645,0.0015437999259471091,-0.6579675324271422,0.2645669047751046,0.0023463162692120474,0.0029628096327667386,0,161,0.5348837209302325,0.526319572868293
14,120,0.0,0.3,False,0.34223705371411506,-0.6688878280975967,0.7930698134811237,0.5116508917309519,4.446985786239133,0.4737240643855656,-0.6429538336534704,0.9486961294373543,0.7367932806212744,3.430382919776795,0.06810646351714578,-0.6688878280975967,0.39715689170042484,0.1018204557718584,0.13468994408524004,0,99,0.5581395348837209,0.5873775027384845
14,120,0.0,0.3,True,0.30912631848307104,-0.6573983882291003,0.7597678225399642,0.4702267666274562,3.7172137061112354,0.4520367867728907,-0.6024376220894836,0.9409127947730552,0.7503462104591918,3.185311560967029,0.04536234947052442,-0.6573983882291003,0.3499083147905604,0.06900283037310376,0.08880506201825344,0,94,0.5348837209302325,0.5219660738244799
14,120,0.05,0.0,False,0.010806492845466975,-0.7867740858415074,0.21504937912701483,0.013735191638790072,0.06385563029835994,-0.029698157722546248,-0.7867740858415074,0.10565499493700711,-0.037746741100124166,-0.10927457334475177,0.06210068293004212,-0.5427865762888049,0.34239121276564083,0.11441086725954641,0.12248558291763079,568,0,0.5581395348837209,0.5457054239978856
14,120,0.05,0.0,True,0.037022671806373975,-0.746388358996776,0.2775534738818587,0.04960242393937697,0.23288629468123156,0.018256937256148964,-0.7377039033345152,0.22937370441236427,0.024748326765827444,0.0719126929284517,0.05717691438898287,-0.5282282912987981,0.3271200803662363,0.10824280965413138,0.1125271074399643,501,0,0.5348837209302325,0.4643645113621481
14,120,0.05,0.1,False,-0.11407885903421944,-0.7986463383557462,-0.27153665123716825,-0.14284027053712547,-0.5022019093877922,-0.1238766851544294,-0.7426531786304784,-0.3125684169710425,-0.1668028747724066,-0.39807147336195925,-0.11436316556044801,-0.5247074411100072,-0.27034324173417307,-0.21795605817694372,-0.2077787412683707,568,211,0.5581395348837209,0.5424759748679776
14,120,0.05,0.1,True,-0.09220335373615807,-0.7688566130341848,-0.217064305485653,-0.11992269062015407,-0.4271245307881877,-0.08104823660869787,-0.6877326165734299,-0.165994184006825,-0.11784846996571707,-0.2770564819596131,-0.12216940225684525,-0.521358909329401,-0.35850303749246937,-0.23432878976593285,-0.2211163214867976,501,183,0.5348837209302325,0.46088294696990145
14,120,0.05,0.2,False,-0.060031095666806644,-0.8048206347799274,-0.0321962118705355,-0.07458940920820417,-0.2998950504957083,-0.06573975196830106,-0.7665972999103796,-0.04976963217057825,-0.08575526156430043,-0.22972612520268942,-0.07499740638068175,-0.5171845516840985,-0.08754194884123301,-0.1450109175466844,-0.13887009379712012,568,110,0.5581395348837209,0.5458040973919495
14,120,0.05,0.2,True,-0.038052002569542775,-0.7792717016065682,0.022525211512050884,-0.048830212223918444,-0.20021795430208567,-0.01701738347834092,-0.71121982537771,0.09890543095094811,-0.023927037564375316,-0.06375767610891925,-0.09078144977009761,-0.5222692562615712,-0.1880780060532307,-0.17382116347402038,-0.16682984898735165,501,102,0.5348837209302325,0.46454664802249274
14,120,0.05,0.3,False,-0.05689060117609135,-0.8070713768539428,-0.001234907149094337,-0.07049017324571398,-0.2863168923847784,-0.06707256262844408,-0.7718827258419709,-0.03040039608769692,-0.08689475795080298,-0.23393544222859064,-0.06753810703969532,-0.5396504326919551,-0.04265417477901113,-0.1251515850784977,-0.12550312969582544,568,56,0.5581395348837209,0.5452758991094572
14,120,0.05,0.3,True,-0.03413785333972241,-0.7791418688302387,0.052590288157787844,-0.04381468215920052,-0.18129438021360111,-0.02039635651280136,-0.7193906048092433,0.10285577533215617,-0.028352269791193263,-0.07605053995879885,-0.07785793299717769,-0.5330107399542071,-0.11741420703506242,-0.1460719778439488,-0.14396997519058863,501,54,0.5348837209302325,0.46381037553123766
14,120,0.1,0.0,False,0.04055293030114138,-0.7940108687151894,0.32670842720351123,0.05107352039999298,0.25725316452085334,0.052134387194447074,-0.7344955184531587,0.34783355524806875,0.07097985744588564,0.21539426892561098,-0.023285362730546266,-0.7275660486321661,0.2047999815339377,-0.03200446581354787,-0.0441793616856454,340,0,0.5581395348837209,0.5501832104930676
14,120,0.1,0.0,True,0.03966532853413218,-0.7784802411135762,0.3163196743898839,0.050952261135610785,0.2510895548450187,0.07593734078547132,-0.6815509898911577,0.38935563293714837,0.11141842930577851,0.32437127058087856,-0.045954885585502314,-0.7212874992185743,0.13634114225125776,-0.0637123000679878,-0.08627166800101682,312,0,0.5348837209302325,0.47231554356660727
14,120,0.1,0.1,False,-0.10226131895997115,-0.798558853537556,-0.07598700928874753,-0.1280573354198769,-0.46272703722529074,-0.0806579202923614,-0.6758838659729578,-0.022994747707579866,-0.11933695173541624,-0.27587715180187433,-0.1706569035879385,-0.6836666385666763,-0.2577793177826065,-0.24962005451330027,-0.3015298579548056,340,293,0.5581395348837209,0.547779620080453
14,120,0.1,0.1,True,-0.10188565635942581,-0.7858233176010485,-0.10559286048823815,-0.12965466164895825,-0.4614310065203824,-0.05780432855109874,-0.6151998978030723,0.02091293974430351,-0.09396023757078405,-0.20430917580910946,-0.19144044341610578,-0.6864064874409177,-0.3758888617476222,-0.2789024388884203,-0.3347125317045503,312,256,0.5348837209302325,0.47063790884688045
14,120,0.1,0.2,False,-0.04438666996802165,-0.8174946759570778,0.11422845400301848,-0.054295974363449136,-0.2300773860263271,0.00016756244076288063,-0.7092749407187751,0.21608295251688364,0.00023624469319763903,0.000643317288210099,-0.15953016897954464,-0.7053865785266532,-0.16877784933145976,-0.22615991547890893,-0.28344766027451906,340,148,0.5581395348837209,0.5515125290642512
14,120,0.1,0.2,True,-0.04974079467266912,-0.8084031570404266,0.08015565215577783,-0.061529688793857194,-0.25459089295622217,0.020717473149107102,-0.6528124717808517,0.2545952122107228,0.03173571897698353,0.08188891255215092,-0.1872096810218028,-0.7064155044104805,-0.2971861530548814,-0.2650135505987138,-0.32802042944100307,312,135,0.5348837209302325,0.4744157409388237
14,120,0.1,0.3,False,-0.027345406669214034,-0.8142304616095986,0.16870010837662938,-0.033584357204171286,-0.14757736298884438,0.012137404472260638,-0.7115083157425949,0.2536256660415745,0.017058696579804463,0.047396144249809646,-0.1386305303508386,-0.7225686431520736,-0.08940080185412622,-0.191857938570498,-0.24888602629164025,340,79,0.5581395348837209,0.5499931278456996
14,120,0.1,0.3,True,-0.03193837752916373,-0.8030725698584493,0.14031757807389633,-0.039770225914693154,-0.17049931589919143,0.033105389445985844,-0.6536961182427852,0.2914060512087487,0.050643393041673805,0.13316229895379839,-0.16528513467289496,-0.7183394292294103,-0.205161624383736,-0.230093362479354,-0.2928277421825005,312,75,0.5348837209302325,0.47240611928099063
14,120,0.15,0.0,False,0.09734905075248368,-0.8362039611865053,0.44622754435801504,0.11641783018386245,0.707425605981266,0.24688823084647704,-0.6388110764470892,0.6734065285010769,0.3864808234378291,1.3324920603136237,-0.18443664239427382,-0.8362039611865053,-0.07774136954706913,-0.22056418165320965,-0.3236167265754203,187,0,0.5581395348837209,0.5547434154403057
14,120,0.15,0.0,True,0.10795954431506516,-0.8241562166044033,0.45887681885755377,0.1309940301850395,0.8047160799819955,0.2791159149424247,-0.5801202799687875,0.7264440586976393,0.48113455878053796,1.5725171776133116,-0.18307612087091385,-0.8241562166044033,-0.10992507816887427,-0.2221376447601205,-0.3214511274116394,173,0,0.5348837209302325,0.4780629314660404
14,120,0.15,0.1,False,-0.08627332548867872,-0.8302417042940975,0.03212143245962816,-0.10391350499795902,-0.40523575950839674,0.039384105918850665,-0.6085181622415806,0.3136407153553508,0.06472133185601656,0.15982519036675424,-0.3159602346661877,-0.8092691638328521,-0.5885648539817279,-0.39042663280254025,-0.5172551423403069,187,317,0.5581395348837209,0.5581670028098676
14,120,0.15,0.1,True,-0.07991445152648602,-0.8155041843192105,0.023601141158525577,-0.09799391966725376,-0.3810007446885777,0.06363796964787194,-0.5447614278191447,0.3605103557189111,0.11681805355168998,0.2671973952012814,-0.3178986515847265,-0.8025731465289356,-0.6589081437273535,-0.396099287597165,-0.5198752762756634,173,279,0.5348837209302325,0.4819035013427141
14,120,0.15,0.2,False,-0.02098305020806357,-0.8387192556825258,0.21050670355781678,-0.025017966460050046,-0.11496242919760757,0.1352088558561051,-0.6351158141954614,0.5060149019438872,0.2128885044806861,0.6270482156626482,-0.29855812662132564,-0.8234099513819917,-0.4540231902593275,-0.36258746462832125,-0.49342751904869564,187,161,0.5581395348837209,0.5583813540365002
14,120,0.15,0.2,True,-0.016517209474988137,-0.8271196614926375,0.20368484177024848,-0.01996955246497325,-0.0914590803966372,0.16166543750216222,-0.5780193348932474,0.5555313389925092,0.27968863278945455,0.7774783483750709,-0.3043979714856727,-0.8153432083561922,-0.5312936586388052,-0.37333722580380274,-0.5014848938716916,173,148,0.5348837209302325,0.4823960381040068
14,120,0.15,0.3,False,0.02847193065301279,-0.8361899609809711,0.3170926486643446,0.03404959636158645,0.1754796415235993,0.20405773542922145,-0.6414187944729467,0.6184842852716588,0.31813494894064576,1.039638061682103,-0.28048984900949714,-0.8336288602154477,-0.3666899057296164,-0.3364684962286524,-0.46810704196082653,187,90,0.5581395348837209,0.5553549536042748
14,120,0.15,0.3,True,0.034126288018067275,-0.8236280557047273,0.3171820688936405,0.04143410096547468,0.21318725632543178,0.2324121038128708,-0.5831517348203007,0.670704734746223,0.3985448210738652,1.2302506737207803,-0.2850175039690265,-0.8227600504103241,-0.4355133738277366,-0.34641631399930456,-0.47450747932575676,173,86,0.5348837209302325,0.478900516997558
14,120,0.2,0.0,False,0.0936984996994985,-0.8546264369983331,0.45044104157289533,0.10963679058255164,0.6749723519918036,0.2753336370091466,-0.6548365420887119,0.7081111849130624,0.42046162563091455,1.5434418858261507,-0.22819877011885292,-0.8546264369983331,-0.14042397686576838,-0.26701580976168426,-0.39150493742786074,102,0,0.5581395348837209,0.5729635841158583
14,120,0.2,0.0,True,0.08528306299198474,-0.8436842017447665,0.42999111473639606,0.1010841056589854,0.6020972509867573,0.2741547937339972,-0.6376158914392324,0.7122577650848897,0.429968571070543,1.5344297114682486,-0.22626698834231607,-0.8436842017447665,-0.1710963829100642,-0.26818919670937125,-0.38858069516459437,96,0,0.5348837209302325,0.500248642285666
14,120,0.2,0.1,False,-0.06704689209477555,-0.838416649425195,0.1026535304273675,-0.07996846453459842,-0.32945864262630364,0.08674957897731184,-0.6037232717216313,0.41775688362207963,0.1436909641232298,0.37618815218527435,-0.33395548032947664,-0.8190369508386235,-0.594676676347085,-0.40774165315439664,-0.5413165189137452,102,329,0.5581395348837209,0.5755708737025668
14,120,0.2,0.1,True,-0.07431731428627197,-0.8257931219829973,0.06369410179723417,-0.08999507541042723,-0.3589990343882413,0.08641334039407234,-0.5680726827867804,0.4136888593647682,0.1521166974094873,0.37455453440652775,-0.3342018768462143,-0.8117952339450405,-0.6513336038652469,-0.4116824820738479,-0.541641887667843,96,290,0.5348837209302325,0.5032907236234593
14,120,0.2,0.2,False,-0.021172149527789674,-0.855250281039728,0.23162217846737052,-0.024755501397848927,-0.11594644418343625,0.16713353854047486,-0.635930905646642,0.5610016723316757,0.26281713478058794,0.8098082899320462,-0.3368175753229,-0.8434838620287298,-0.5100422812139628,-0.3993171541098527,-0.5450891270150235,102,166,0.5581395348837209,0.5769878102237793
14,120,0.2,0.2,True,-0.031684267340047256,-0.8465816381576918,0.1930141479645964,-0.037426121607123095,-0.16924459557491822,0.1666486610159359,-0.6129387834843416,0.561872158966839,0.27188467348826717,0.8069240373918289,-0.34177930941126344,-0.836066938936098,-0.5801692312023485,-0.40879419277860746,-0.5515939876643097,96,152,0.5348837209302325,0.5048621985161424
14,120,0.2,0.3,False,0.026144311468662806,-0.8538652258009133,0.3289608048564065,0.03061877996511665,0.16024135807376072,0.23600830186451982,-0.6337024785120418,0.6628651736760753,0.3724276136944841,1.2553339684307545,-0.3218625862752611,-0.85344664288063,-0.42786946109339125,-0.37713264087474935,-0.5252120267230489,102,93,0.5581395348837209,0.5738274336653463
14,120,0.2,0.3,True,0.01446412580687384,-0.8444269749594651,0.29489518575472534,0.0171289243899014,0.08621681526240321,0.2328629738856831,-0.6090982955951723,0.6640019040029898,0.3823077089029516,1.2333841028821775,-0.32556050112473933,-0.8436194032073215,-0.49115749907271766,-0.3859092143767727,-0.5301648835198843,96,88,0.5348837209302325,0.501240643862409
21,120,0.0,0.0,False,0.678891875237569,-0.634959059338815,1.1193865161272305,1.0691899977685198,18.76443071321612,0.8640108563240845,-0.6329535930011687,1.256793093867992,1.3650461358902328,9.916349381535687,0.3077592048024842,-0.634959059338815,0.7458482504633294,0.48469141478657674,0.672930676433316,0,0,0.5581395348837209,0.47691907386445853
21,120,0.0,0.0,True,0.7169343809298221,-0.6344847778230699,1.1761467928699432,1.1299473304775545,21.486612296776322,0.9270875915572121,-0.6144353902267833,1.3230373416134813,1.5088447154956868,11.403757189308928,0.30864489590205046,-0.6344847778230699,0.7635113341893682,0.4864496465321317,0.675104241117646,0,0,0.5415282392026578,0.43588250345882784
21,120,0.0,0.1,False,0.3462765838740398,-0.5939373139116595,0.8307077864207947,0.5830187391215902,4.54206997902953,0.4630926106074127,-0.5939373139116595,0.9756631023473247,0.7796994729250025,3.3089563749571305,0.10487751013026148,-0.5510031509699949,0.4493281852769195,0.19033922028509892,0.21078826012273866,0,349,0.5581395348837209,0.503269672167214
21,120,0.0,0.1,True,0.3739644687329733,-0.550729738562348,0.8913032375846152,0.6790344565542957,5.231429480338766,0.5082311587303632,-0.5339066692749996,1.0507111320537275,0.9519101145908111,3.8419845289366252,0.10522827865567419,-0.550729738562348,0.4490177289190995,0.19107063099655244,0.2115255582442428,0,323,0.5415282392026578,0.45601961744826003
21,120,0.0,0.2,False,0.4398819614086975,-0.6223755168812439,0.9172786216953875,0.7067790256483238,7.161864548722438,0.5826877757503592,-0.6223755168812439,1.0612169108598608,0.936231840658254,4.825724988681148,0.14877542192148185,-0.5911715244658178,0.5277532056088313,0.2516620232273793,0.30472636224995386,0,182,0.5581395348837209,0.4923947395595747
21,120,0.0,0.2,True,0.4710356721242064,-0.5932509262872906,0.9743028417439844,0.7939906222684942,8.23264124501707,0.6346275594855995,-0.5932509262872906,1.131167679067579,1.0697455854932312,5.594432556032307,0.14837430113337802,-0.5914452509073012,0.5299478988228713,0.25086734724095894,0.30385279759968964,0,179,0.5415282392026578,0.44916997924323804
21,120,0.0,0.3,False,0.5262176333852031,-0.6280699479521393,1.001758743518364,0.8378328482376335,10.413783383030609,0.7070942580197435,-0.6280699479521393,1.1649365975699786,1.125820874450796,6.789095216080615,0.17047385909943147,-0.6146264467768965,0.5614509456922943,0.27736173735021824,0.35239845563262784,0,101,0.5581395348837209,0.48439405411406755
21,120,0.0,0.3,True,0.5598114470401723,-0.6151040026337624,1.0598900067199164,0.9101086070699629,11.938493992116559,0.7643495386698944,-0.5891187997224309,1.2355625204261877,1.2974455051002025,7.840556983372888,0.1697173264948031,-0.6151040026337624,0.5646007432672748,0.2759164722845318,0.3507225601335655,0,101,0.5415282392026578,0.44326615477956954
21,120,0.05,0.0,False,0.1254208151020122,-0.7478672109699256,0.4879223992207324,0.16770465834349277,0.9747759891141623,0.09703154256803659,-0.7478672109699256,0.4254746820380804,0.12974434651600011,0.42684003830978035,0.1469461148150415,-0.5143284412355259,0.5363755064369611,0.28570482017686166,0.3007447532871306,569,0,0.5581395348837209,0.5092441407301259
21,120,0.05,0.0,True,0.20353204236676992,-0.6918152838946026,0.6609867190699034,0.2941999795393041,1.9063501308362847,0.15593236489396123,-0.6918152838946026,0.556599641962673,0.2253959525382752,0.74404246994572,0.26355850697797556,-0.4386022666222399,0.7997581976579546,0.6009054832472485,0.5661754381554545,502,0,0.5415282392026578,0.4478362724845831
21,120,0.05,0.1,False,-0.06595411029268905,-0.7699728026983088,-0.07448938957575786,-0.08565771422257784,-0.3249228879097189,-0.0795204809300859,-0.7371631482022041,-0.12015390599227709,-0.10787365201858057,-0.2724322955686609,-0.059594717714186896,-0.4968198276100386,-0.05815748695087469,-0.1199523738834427,-0.11116038505467984,569,209,0.5581395348837209,0.5164223170466421
21,120,0.05,0.1,True,0.00335641494555583,-0.6767932688262639,0.15494586680837688,0.004959291263899136,0.019484294382148715,-0.028577775948105955,-0.6767932688262639,0.04807666402201946,-0.04222526621410889,-0.10532036185800975,0.046751769523713405,-0.3844292857291852,0.30147361613026963,0.12161344429063119,0.09158213197072262,502,195,0.5415282392026578,0.4510338633833684
21,120,0.05,0.2,False,0.010565234513208566,-0.7688184522140286,0.19726581027137666,0.013742170837319274,0.06239415930894743,-0.010827212348499593,-0.7544776057758585,0.13683612311769283,-0.014350607977774968,-0.04092434422921698,0.025521668427656907,-0.49003651708321994,0.23747828152258557,0.052081156277018266,0.04951851894708548,569,112,0.5581395348837209,0.5154079066424277
21,120,0.05,0.2,True,0.08010216238061063,-0.7007070225858885,0.39736297991499486,0.11431619749578319,0.5585501415730594,0.04154729679019242,-0.7007070225858885,0.28604279138492006,0.059293392888894306,0.16911782930473196,0.12949205023808963,-0.4078489813215068,0.5510099340437864,0.3174999967353387,0.26304782254939085,502,109,0.5415282392026578,0.4520524272497907
21,120,0.05,0.3,False,0.028298749737289075,-0.758959405974112,0.2532064605489909,0.03728624945489422,0.17434020918407467,0.01742997330169782,-0.743241639807726,0.22529305551085932,0.023451287398546312,0.06857510055653981,0.016358738400118256,-0.517982099101415,0.21541113444612645,0.03158166745240244,0.03160833729469603,569,60,0.5581395348837209,0.5121432979105103
21,120,0.05,0.3,True,0.0995228987993313,-0.6862109083645174,0.4449588154779042,0.14503252219719076,0.7269966238856758,0.07201283489221266,-0.6862109083645174,0.37033794975749873,0.10494271369693707,0.3059251893369137,0.11933916751769313,-0.4428256048174313,0.508403595439603,0.2694947316040915,0.2413640157178527,502,60,0.5415282392026578,0.4506896668782104
21,120,0.1,0.0,False,0.15642072186993716,-0.7053038914604026,0.5352200185302403,0.2217777666674323,1.3092886198080436,0.18810184701858979,-0.6863528367541073,0.5868096983312822,0.2740599833580627,0.9378272094766726,0.05150988857517147,-0.686976765899866,0.3467186352983014,0.0749805395640987,0.10111795263314272,348,0,0.5581395348837209,0.48805040161166857
21,120,0.1,0.0,True,0.23821404939699553,-0.6741521755205578,0.6724556589621956,0.35335352765576195,2.4229589906982523,0.24309564035380116,-0.6741521755205578,0.6773593368295105,0.3605946093196107,1.3053777457780376,0.17925555380728575,-0.6099924558035368,0.5784197438209572,0.2938651980066774,0.3719247065210278,316,0,0.5415282392026578,0.4335308388190938
21,120,0.1,0.1,False,-0.055309540467329055,-0.757007950112121,0.061964553772153014,-0.07306335482888537,-0.27939915105678215,-0.033576775010507265,-0.6781430422337591,0.11868694547763771,-0.04951282092330779,-0.12286379315074258,-0.1254097171186339,-0.6418703302957796,-0.13339248648382687,-0.19538170125552307,-0.2266208219053647,348,295,0.5581395348837209,0.5070040659620062
21,120,0.1,0.1,True,0.015275242994672311,-0.6558484430245257,0.23100277341002728,0.023290812316681963,0.09122787482356731,0.01042997682071678,-0.6558484430245257,0.22118013130668845,0.01590302901782866,0.04063034403764054,-0.006720423023154898,-0.5428786170314457,0.16569443671323997,-0.012379236927590435,-0.01284872671487236,316,274,0.5415282392026578,0.4470511119016088
21,120,0.1,0.2,False,0.02419122995646439,-0.7562180411376472,0.2774938031505889,0.03198975512415881,0.14758136418134837,0.056192466778034245,-0.692106809789044,0.34698293624025184,0.08119045497495084,0.2334863337911368,-0.07203821026239199,-0.6496862287110539,0.04751125811404585,-0.11088154108686023,-0.13357904574142476,348,152,0.5581395348837209,0.49889400471656903
21,120,0.1,0.2,True,0.09579117840043327,-0.6741694480982298,0.42688914080464846,0.14208768829654236,0.6935132146289382,0.10417628553033387,-0.6741694480982298,0.44469070407171735,0.15452537314499437,0.462839799097434,0.04000617635909087,-0.564086932964511,0.29813479502745005,0.07092200513995567,0.07813122540121031,316,149,0.5415282392026578,0.44218729962692177
21,120,0.1,0.3,False,0.04838483185943465,-0.7468692746607488,0.3352916479607334,0.06478353508572507,0.312734532986906,0.0874141029828539,-0.6777270333873133,0.4132095300577903,0.12898128402220269,0.3794209692962365,-0.06542706917778163,-0.6790643842200642,0.08077990325247682,-0.09634884511418979,-0.12170229217049877,348,81,0.5581395348837209,0.49334195805443637
21,120,0.1,0.3,True,0.1220266868597144,-0.6482916849796119,0.4792964859552099,0.18822806105179649,0.9407230158822406,0.137448210064524,-0.6482916849796119,0.5085110357073096,0.21201600028056294,0.6394022356929221,0.047233571176422684,-0.6007767162631366,0.3200067708421974,0.07862084181660374,0.09254591194603923,316,81,0.5415282392026578,0.4387198488211384
21,120,0.15,0.0,False,0.24315953654041667,-0.7828926541234693,0.6624800115893773,0.31059115864697867,2.502443647250495,0.3885969162269207,-0.7018265540021177,0.8460124439221253,0.5536936640698097,2.5258044578275682,-0.04369921505267349,-0.7828926541234693,0.19716563798959605,-0.05581763326365523,-0.0821240386076153,182,0,0.5581395348837209,0.47550473278876604
21,120,0.15,0.0,True,0.35191114944278223,-0.7113858030246369,0.8138153552827353,0.4946839646596022,4.676986190639475,0.4622060894612312,-0.6170380774169386,0.9417023945773445,0.7490722313218185,3.298943445111804,0.10934235519701718,-0.7113858030246369,0.45707462836084295,0.15370331363392475,0.22018917623776857,161,0,0.5415282392026578,0.4274509700040464
21,120,0.15,0.1,False,-0.012007203592073745,-0.7980861864859302,0.2111213868703522,-0.01504499613624803,-0.06720220430683288,0.09048627523548891,-0.6678433893182686,0.42216822928033,0.13549026116415838,0.3944397097207668,-0.2142683764341592,-0.7517669434554852,-0.2997187857247621,-0.285019683692499,-0.37026756499072133,182,319,0.5581395348837209,0.49987118065171676
21,120,0.15,0.1,True,0.07702498689227211,-0.662232587369777,0.3916354770195733,0.11631107916056531,0.5331518492701077,0.1454966251031744,-0.6031821676261078,0.5281410015257592,0.24121506389320654,0.684376872284508,-0.07738705361907194,-0.662232587369777,0.019135332968158805,-0.11685781566025626,-0.14313146611772565,161,297,0.5415282392026578,0.44626772669181614
21,120,0.15,0.2,False,0.08859222055654548,-0.7996005874703951,0.424140457374797,0.11079559213033416,0.630434302007548,0.21387364919280438,-0.695378913943082,0.6329154196884607,0.30756418537348734,1.1042038485986407,-0.15644920517995387,-0.7542211993006471,-0.09652739108326051,-0.207431460856605,-0.2784016578068934,182,168,0.5581395348837209,0.4884383537131567
21,120,0.15,0.2,True,0.18266894830970548,-0.6740737323801407,0.5882360631273134,0.27099253321250943,1.6279200539337961,0.2771710171205206,-0.6114003596231664,0.73683538728593,0.4533380014551408,1.5575357515235742,-0.02270581165240526,-0.6740737323801407,0.17945941246723812,-0.03368446293290721,-0.04309137434774468,161,165,0.5415282392026578,0.4382334018430608
21,120,0.15,0.3,False,0.13119631772962825,-0.8039669053265404,0.4992888047653405,0.1631862168211282,1.0338555683673003,0.2777885349579521,-0.7001201607655736,0.7215360788885903,0.3967726549313955,1.56228544328633,-0.14977992619988112,-0.7760749794168913,-0.05610054896311937,-0.19299672089985323,-0.2674206839297344,182,91,0.5581395348837209,0.48140746045346744
21,120,0.15,0.3,True,0.2292875437716302,-0.7032259054753638,0.6587312124225133,0.32605104844173416,2.2832639645350246,0.3451677232330923,-0.6148464549122497,0.8238630349810603,0.5613884905335501,2.120971729863057,-0.015276613180276954,-0.7032259054753638,0.20901254380809794,-0.021723621188201724,-0.029092137055138023,161,91,0.5415282392026578,0.43325652270337817
21,120,0.2,0.0,False,0.2992182577904554,-0.7666755810726984,0.7326364907947117,0.39028014609752215,3.5152770127794666,0.45070774699854144,-0.6704908150410529,0.905032918666384,0.6722056990011793,3.170626720255947,0.00018508324868249382,-0.7666755810726984,0.2958206388928331,0.00024141012607123023,0.00035498432359992727,98,0,0.5581395348837209,0.4730650071792775
21,120,0.2,0.0,True,0.3728460754804386,-0.7315094068769961,0.830965113233689,0.5096941638416045,5.202274990362286,0.5191965264981684,-0.6212159660083654,0.9896981486352258,0.835774601599948,3.978506266656802,0.07614623327252557,-0.7315094068769961,0.4085888692370986,0.104094674048846,0.15112642006956767,90,0,0.5415282392026578,0.42713997352324545
21,120,0.2,0.1,False,0.054796563108867824,-0.7428630478208728,0.36045306119445886,0.07376401783560106,0.3596475875333214,0.14974531514164746,-0.637910762865534,0.5325229829518977,0.23474335888139333,0.7084831960210103,-0.13979000975662914,-0.7073860420812872,-0.06855024097486406,-0.19761488273833594,-0.2508238586980829,98,334,0.5581395348837209,0.49827663505815867
21,120,0.2,0.1,True,0.11535872480572018,-0.6578301095773194,0.47111040046962954,0.17536248816558808,0.8752361021234032,0.20026474878450085,-0.6188036208769851,0.6225226950799128,0.323632154092247,1.0150858731909262,-0.06667293474703817,-0.6578301095773194,0.06399615378032653,-0.1013528170516215,-0.12394637631135974,90,310,0.5415282392026578,0.4461109990400587
21,120,0.2,0.2,False,0.13307722380465914,-0.7644776338713191,0.505875237781119,0.1740760198970836,1.0534083039876627,0.2611474410728878,-0.663376305778193,0.6969927992139351,0.3936641070810347,1.436549683576557,-0.11867655086368689,-0.7362874360834815,0.027398142600648673,-0.16118236580941897,-0.21516190281271474,98,172,0.5581395348837209,0.486719321037945
21,120,0.2,0.2,True,0.19603112973942238,-0.6972286774916994,0.607203522834043,0.28115758296782933,1.8035706656379666,0.3193839683753952,-0.6351953982896302,0.7861628914836848,0.5028121570707059,1.8975273768834615,-0.05286332554281514,-0.6972286774916994,0.13312784412459894,-0.07581920716886245,-0.09891866693345663,90,169,0.5415282392026578,0.43858827099689685
21,120,0.2,0.3,False,0.1759561230391733,-0.7709102893148047,0.5726108026767399,0.22824461610904875,1.543171788931161,0.32707567106362045,-0.6685713983504129,0.7786000264772838,0.4892157694310951,1.9629029027289815,-0.11439098317400087,-0.7611614114233628,0.05704032592696081,-0.15028479039694234,-0.20782646227612678,98,94,0.5581395348837209,0.4790690552532357
21,120,0.2,0.3,True,0.2417254322248874,-0.7259703047464308,0.6724304866853522,0.33296876007802834,2.4792391127256446,0.38932568921008004,-0.6098418543761824,0.8673715792094917,0.6384043443661765,2.532912385781484,-0.04858995138978728,-0.7259703047464308,0.15931962972891028,-0.0669310453500697,-0.09110552685769346,90,94,0.5415282392026578,0.4330275519043013
28,120,0.0,0.0,False,0.5199469743145433,-0.6880173294943978,0.9776744243545994,0.7557178460848304,10.146346359321772,0.655932149533246,-0.6514238011055469,1.1021732674255724,1.006920760985472,5.930479381414115,0.22943828193205307,-0.6880173294943978,0.6408657988290957,0.333477475197696,0.48607356168858784,0,0,0.5581395348837209,0.44026320963265386
28,120,0.0,0.0,True,0.614576214445278,-0.674481749351908,1.0977720169630765,0.9111828674916829,14.782988504175922,0.7930469425585762,-0.5664650736856229,1.2417684167380338,1.3999926551494715,8.405353219339135,0.2569685601303948,-0.674481749351908,0.692541376848343,0.38098667662588237,0.550547872903608,0,0,0.5448504983388704,0.40188900310848946
28,120,0.0,0.1,False,0.2366429412658988,-0.6155412225888697,0.6699059577657833,0.38444694292059883,2.398022186817059,0.3324478287146295,-0.6014482335543538,0.8065373872130751,0.5527455401273295,2.0092059733576164,0.03238115464740754,-0.6155412225888697,0.3091417827853978,0.05260598877718943,0.06302284185219431,0,341,0.5581395348837209,0.47059666147219814
28,120,0.0,0.1,True,0.3048101832072576,-0.612021686281967,0.7913548663543649,0.4980382068795309,3.62834832840002,0.4407279020359478,-0.5204350382023644,0.9691709006901059,0.8468451769855213,3.0615711998160915,0.03729840651097671,-0.612021686281967,0.2998094137546679,0.060942949158492424,0.0727543077642463,0,316,0.5448504983388704,0.4272706006191369
28,120,0.0,0.2,False,0.31067714052682893,-0.672195129388258,0.7585345048546537,0.462182968819732,3.74948601753297,0.45249347641898474,-0.6236882178187096,0.9260551983226382,0.7255123048524754,3.1903664363550215,0.028585394416743126,-0.672195129388258,0.3198734296350623,0.042525441150931466,0.05553988886214589,0,176,0.5581395348837209,0.46022634273093627
28,120,0.0,0.2,True,0.39151966715368713,-0.6583565511435423,0.8809712453507111,0.5946924451099198,5.7041141563747715,0.5719380163658889,-0.5427240494605954,1.0741138259662106,1.0538283994127933,4.675303542038879,0.051003127945479676,-0.6583565511435423,0.3402129300056919,0.0774703735489364,0.1001004572123887,0,170,0.5448504983388704,0.42023950210087424
28,120,0.0,0.3,False,0.3867658771206639,-0.6728210479953757,0.8478642205759047,0.5748421192722886,5.573285655595731,0.538388078537094,-0.6317498951304931,1.0094948127997336,0.8522171237177422,4.224269500911732,0.08106201413476932,-0.6728210479953757,0.41596042968247776,0.12048079407784291,0.16123194192003854,0,97,0.5581395348837209,0.45075172980786365
28,120,0.0,0.3,True,0.4668720659675647,-0.6667745778455172,0.9637127277246976,0.7001947606882708,8.083159590336784,0.6656598842559933,-0.5463247298558387,1.1554567270364262,1.2184326424901983,6.0880576563735795,0.09143382493522423,-0.6667745778455172,0.4221417959453262,0.13712854084909074,0.18269222911413174,0,95,0.5448504983388704,0.41182568022665683
28,120,0.05,0.0,False,0.09092508148324763,-0.7386484257852135,0.4144701106452631,0.12309656165122201,0.6506589801269189,0.04400649444738769,-0.7386484257852135,0.2982105506382642,0.0595770503411105,0.17974879960946688,0.1534715835595759,-0.5453492596181259,0.5499832557932938,0.2814188904685458,0.31497453390028696,572,0,0.5581395348837209,0.5031208063605387
28,120,0.05,0.0,True,0.1659671172397037,-0.6728049823604039,0.5986246764934453,0.24667938197698944,1.4212521640798559,0.10694475876160237,-0.6728049823604039,0.4592818384605272,0.1589535772853639,0.47696806670572767,0.25280004394395705,-0.46730452934232847,0.7837477908792321,0.5409749490332159,0.5407012812747458,504,0,0.5448504983388704,0.4449967833714729
28,120,0.05,0.1,False,-0.07787253659714,-0.7678222913626621,-0.1364197297910719,-0.10141999974882053,-0.3730477062765467,-0.09451251178336861,-0.7163457904567636,-0.20936823052622214,-0.1319369961301854,-0.3168760677585998,-0.06493695443406744,-0.5193302571189211,-0.07580367909294708,-0.12503980568033332,-0.1208187322689841,572,210,0.5581395348837209,0.5139294691742223
28,120,0.05,0.1,True,-0.0066596127378685255,-0.6436520839796396,0.11115931363201978,-0.01034660324051586,-0.03774938333331024,-0.0379704020528594,-0.6421006135491153,-0.005305864765964149,-0.05913466091082466,-0.1380715392420565,0.0356310666317341,-0.4153058256083787,0.2627263397734608,0.08579476721651662,0.0694498105817849,504,198,0.5448504983388704,0.45269629162182357
28,120,0.05,0.2,False,-0.014470524998750012,-0.7747198901238417,0.11357195569025198,-0.018678396131583567,-0.08051651173165986,-0.031426520727190654,-0.7370001944341084,0.056560055284598794,-0.04264112949294527,-0.11534919412500833,-0.007977013662264332,-0.5245472832788554,0.1367450037931348,-0.01520742536764538,-0.015242367551285052,572,112,0.5581395348837209,0.5118234671230443
28,120,0.05,0.2,True,0.05426638805181816,-0.6689309110288449,0.3240467042707941,0.08112405505129683,0.3557166386711321,0.028432534199637205,-0.6689309110288449,0.24347466133707765,0.042504440639328095,0.11361502997481754,0.07726847744581122,-0.4387154149851651,0.39623770135657926,0.17612437312790574,0.15342972823758538,504,108,0.5448504983388704,0.4528002667589973
28,120,0.05,0.3,False,0.0025011135919688066,-0.7717654674377277,0.17495937330749978,0.00324076898681738,0.014489662730030384,-0.01545478733165817,-0.7386597602213556,0.11979645650072747,-0.02092274165175426,-0.05803216757003349,0.00570422307995333,-0.5429464333381417,0.18557373665117086,0.010506051296594108,0.010968237950781612,572,58,0.5581395348837209,0.5072430792499014
28,120,0.05,0.3,True,0.0687309684343933,-0.6728189279395516,0.364959313167229,0.10215373792303349,0.46639277825441305,0.043899037803096785,-0.6728189279395516,0.29294432587167835,0.06524643701320013,0.17928278294201516,0.08397249630677184,-0.471311943326881,0.41029072017224405,0.1781675544099935,0.1672350294663303,504,57,0.5448504983388704,0.448875203240841
28,120,0.1,0.0,False,0.08626961953331769,-0.7410525023530758,0.4123999246910451,0.11641498984131946,0.6105024327393516,0.08594768765200644,-0.690580503817955,0.412590822734033,0.12445715912458376,0.372294525572759,0.043148924474150974,-0.7063598926732177,0.3299158179360227,0.06108631721834311,0.08438802497794895,355,0,0.5581395348837209,0.4707450099755532
28,120,0.1,0.0,True,0.1827972061156633,-0.6352221968242657,0.5881224167050626,0.28776892090600886,1.6295617194555345,0.16610037323801308,-0.5933164285435006,0.5591535790314812,0.27995242546336296,0.8036666908079491,0.16807755781906075,-0.6352221968242657,0.5607675824080969,0.2645964808209613,0.34709350552485385,316,0,0.5448504983388704,0.4287969925913405
28,120,0.1,0.1,False,-0.10608250446496426,-0.7955681911670398,-0.0874162600273018,-0.1333418123584718,-0.4757642775140223,-0.09598882100788875,-0.6815708626379686,-0.06380858512915309,-0.14083468978760513,-0.32114122069333795,-0.15318535982776638,-0.6731670594968143,-0.21507855091925968,-0.22755920342013009,-0.27303765007085645,355,288,0.5581395348837209,0.49249120917868694
28,120,0.1,0.1,True,-0.019846880726504645,-0.6525563195888655,0.13125594504659602,-0.030414050298384836,-0.10903107562705361,-0.029299187385561254,-0.5815317615745084,0.10856861629508656,-0.05038278099588773,-0.10786795495677703,-0.0316669456433466,-0.5773196423123711,0.08925265482472884,-0.05485166850812349,-0.059847805975680735,316,269,0.5448504983388704,0.44532769167172437
28,120,0.1,0.2,False,-0.0281647169365824,-0.7875528968695291,0.1525276224327186,-0.03576231774212919,-0.15170416999292857,0.0016399316771145145,-0.6783806413909562,0.2214343075176467,0.002417421101156406,0.006309306455907215,-0.11855425053746882,-0.6899288347871373,-0.07141324622599214,-0.1718354771677954,-0.21495301880214113,355,151,0.5581395348837209,0.48521380752646054
28,120,0.1,0.2,True,0.05760642338338329,-0.65423301359636,0.34184309883471714,0.08805184419954162,0.3806387020499231,0.07498665598827725,-0.578160860515305,0.38273546614448006,0.1296986031213578,0.31988526351990343,-0.013565948540172457,-0.6152404557596911,0.16111298724678022,-0.022049831757928524,-0.025854859849482992,316,145,0.5448504983388704,0.4416491703201721
28,120,0.1,0.3,False,-0.0012665908909176293,-0.7776945789180983,0.22604139288888545,-0.0016286482190472082,-0.007272227213688365,0.020391134501150043,-0.6820662333303567,0.2733222274208166,0.029896120793995767,0.08056184252055631,-0.08243768265778328,-0.6986968863046565,0.03739604624877984,-0.11798776303954722,-0.1521047775669775,355,80,0.5581395348837209,0.4779526645712144
28,120,0.1,0.3,True,0.08288108607590217,-0.6457847866973583,0.3999886169270203,0.12834165155820512,0.581784547032747,0.09563218723081701,-0.582232559066197,0.42795917161885366,0.1642508405647993,0.4198666610633728,0.014586697460729159,-0.6346384494556585,0.23964121679025857,0.022984263675231854,0.028161672038028218,316,78,0.5448504983388704,0.43544568137700984
28,120,0.15,0.0,False,0.10916660750895568,-0.8081149707111044,0.4653372582220294,0.13508796577904508,0.8160682982533878,0.19405139740633892,-0.6618986839259586,0.5983685333772558,0.29317386802365347,0.9753396820709843,-0.08153470300729837,-0.8081149707111044,0.12222557354105001,-0.10089492951176432,-0.1505037978128435,193,0,0.5581395348837209,0.4431443177333202
28,120,0.15,0.0,True,0.2352598238151109,-0.7415082831428863,0.6622320325607014,0.31727201052692366,2.376193626394369,0.2985785171315698,-0.5845436840434863,0.7536562232205668,0.5107890569721004,1.726034942104064,0.07284874294117838,-0.7415082831428863,0.38979487627053294,0.09824400427788701,0.14437135914522847,168,0,0.5448504983388704,0.4044836656467989
28,120,0.15,0.1,False,-0.10850354817864438,-0.8211116114908565,-0.01920234262363811,-0.1321422650224605,-0.48388834217204846,-0.03482063058934659,-0.6358626426729601,0.15528098095520376,-0.05476124598698229,-0.1271891459379192,-0.2632090013132332,-0.7851207383570427,-0.44322563544532295,-0.335246527641123,-0.4433376736384974,193,310,0.5581395348837209,0.4706816790506096
28,120,0.15,0.1,True,-0.0012060339528652264,-0.6986358339539596,0.21619922001667027,-0.001726269816478816,-0.006925532669660006,0.04806747419969559,-0.5564210565457433,0.33087594205128046,0.08638687129868525,0.19746044789593897,-0.12109757936136967,-0.6986358339539596,-0.10848504938501305,-0.17333433739865978,-0.21929144548193136,168,290,0.5448504983388704,0.4266417886371642
28,120,0.15,0.2,False,-0.023073031406971034,-0.8234146208017921,0.2077956799576321,-0.028021158264719532,-0.1257879296602643,0.07603356367237413,-0.6595496541202783,0.40161053784305684,0.1152810303172539,0.32482594607173443,-0.22422161077903602,-0.7944454796333614,-0.2701278410310255,-0.28223662482479583,-0.385477184957114,193,163,0.5581395348837209,0.46011023359816683
28,120,0.15,0.2,True,0.08739689474600842,-0.7234042041795905,0.41684830663111666,0.12081336304248447,0.6201510708706552,0.1696192087300732,-0.5816448108544433,0.5683346274299065,0.2916199122981954,0.8246475813390473,-0.09435188200568245,-0.7234042041795905,0.0013267357357086137,-0.13042761081639898,-0.17309321744221784,168,157,0.5448504983388704,0.4198224460774198
28,120,0.15,0.3,False,0.01757462654142028,-0.8171967102249813,0.2974294916591932,0.021505992769576657,0.10553734809290805,0.11813315701053173,-0.6622963187791828,0.47854660495149826,0.17836903763603534,0.5350955939810491,-0.19183769358897063,-0.8019349889788836,-0.16043527847407316,-0.23921851050948728,-0.33533924465545917,193,88,0.5581395348837209,0.45218407714229353
28,120,0.15,0.3,True,0.12846082080650456,-0.7395525584900751,0.4939424356199918,0.1737007320599088,1.005693819052233,0.2159336194784902,-0.5850322947153845,0.6411644447742837,0.3690969223904826,1.1179432029959924,-0.0678133510247162,-0.7395525584900751,0.08270153109259654,-0.09169510705658152,-0.1259981139067302,168,86,0.5448504983388704,0.412969336578236
28,120,0.2,0.0,False,0.1686128191143592,-0.8183820180171212,0.5604559476595107,0.20603192079280475,1.453063335335032,0.3052813209483092,-0.6455767989196077,0.7482717179401592,0.47288149366459065,1.780440682352407,-0.10105804681866137,-0.8183820180171212,0.11043359876030226,-0.12348517513070181,-0.18479623539784995,103,0,0.5581395348837209,0.44027764383594253
28,120,0.2,0.0,True,0.27435506185064074,-0.7720916679145268,0.713432984206719,0.35534001110476016,3.0397788921333726,0.4010667263582057,-0.5881161901073035,0.8772936580005278,0.6819515141812877,2.648892859560911,0.011917750087155676,-0.7720916679145268,0.28929621772107017,0.01543566726907745,0.022980920015890804,92,0,0.5448504983388704,0.40280505094662833
28,120,0.2,0.1,False,-0.044538451991918304,-0.8029065569224647,0.15350507584981726,-0.055471526054829946,-0.23078136701454932,0.05721305362757145,-0.6152626860173797,0.3625239154861749,0.09298963666708585,0.2380675630236906,-0.24395856239055314,-0.7764423208906294,-0.3400774182421809,-0.31420049606610434,-0.4151105982467872,103,325,0.5581395348837209,0.4694296219239659
28,120,0.2,0.1,True,0.039702326217609496,-0.7213611229046002,0.31798197502354786,0.05503807310511259,0.25134597135877335,0.1331808902452296,-0.5601813417663961,0.5055239855168705,0.23774603028597124,0.6159199042094683,-0.15195021770588335,-0.7213611229046002,-0.1617292907755563,-0.21064375786436543,-0.2710027820167854,92,303,0.5448504983388704,0.4261975122874827
28,120,0.2,0.2,False,0.023492032181506195,-0.8252677897310332,0.31446416013459794,0.028465950657255858,0.14307696493726252,0.16691174726229252,-0.642783815573217,0.5599087398984233,0.25967011492572384,0.8084885613188466,-0.24144361642899048,-0.8057161409000353,-0.26469666286772103,-0.2996633729582268,-0.41137358718493633,103,168,0.5581395348837209,0.45785180810956194
28,120,0.2,0.2,True,0.11549577834390834,-0.7564705373030309,0.47257001997771364,0.15267716672175222,0.8765634918959917,0.2518862867924967,-0.5848580882403127,0.6963176300245457,0.4306793252194864,1.3685838674054591,-0.14660966134532283,-0.7564705373030309,-0.09878491584422662,-0.19380749694233387,-0.2621730147518835,92,162,0.5448504983388704,0.4187664692537374
28,120,0.2,0.3,False,0.06440402392710398,-0.8205659337185197,0.3935934426355641,0.07848732354175042,0.4325301746211574,0.21160728000621498,-0.6455848558849109,0.6264476919347729,0.32777609028043625,1.0891641440860864,-0.2122496116647815,-0.8139451300214133,-0.165084570734496,-0.2607664863836677,-0.3671609714045535,103,91,0.5581395348837209,0.4498565024571717
28,120,0.2,0.3,True,0.15580698040698482,-0.7720966165942477,0.5417408716554226,0.20179725834605558,1.3022394294607365,0.3004324025476497,-0.5881255533023626,0.7600491518897332,0.5108303845338849,1.7410031961896109,-0.124347973967039,-0.7720966165942477,-0.021451963317131464,-0.16105234927144665,-0.22481923862185915,92,89,0.5448504983388704,0.41183216069635087
mix7_28,120,0.0,0.0,False,0.5644360645116135,-0.6707778388777903,1.0234595122160504,0.8414649855694603,12.16097435727304,0.7080402555760625,-0.6423092082753747,1.1459092603110823,1.1023355207333525,6.805676048419553,0.26008641299417246,-0.6707778388777903,0.6847046615545526,0.3877385296886021,0.5579322793885397,0,0,0.5581395348837209,0.533600434520881
mix7_28,120,0.0,0.0,True,0.6195666607655632,-0.6759970259281902,1.0973108743298576,0.9165227611983289,15.06600033828908,0.8180935377265204,-0.5930996812105002,1.2561229784250207,1.379352516354104,8.919722668642326,0.2378767545471061,-0.6759970259281902,0.662590392720209,0.3518902383046509,0.5056966843889539,0,0,0.5514950166112956,0.4828811114150938
mix7_28,120,0.0,0.1,False,0.29160155025634604,-0.608069053472164,0.7586912715127129,0.4795533477509802,3.3649443097528904,0.4118461214473077,-0.5720452567987795,0.9216818322903607,0.719953738891287,2.7578310984220944,0.04769895724305728,-0.608069053472164,0.33631576819168973,0.07844332312372945,0.09347724121189249,0,347,0.5581395348837209,0.5563846315160452
mix7_28,120,0.0,0.1,True,0.3323906011691009,-0.6004994704929455,0.8373117716714152,0.5535235541444258,4.22084988064627,0.48759082184871483,-0.5281900434085104,1.0377372506411868,0.9231352009254072,3.5925412709630633,0.03942789648683087,-0.6004994704929455,0.30475285763721666,0.065658503336339,0.07698183352136856,0,329,0.5514950166112956,0.5028924067531891
mix7_28,120,0.0,0.2,False,0.3633906041545203,-0.6567141797432388,0.831649720874712,0.5533466694698115,4.960262401079581,0.5227885085873467,-0.6158153213889572,1.0110592761362787,0.8489371576663752,4.023839998691653,0.0533746720052557,-0.6567141797432388,0.36067719958918665,0.08127534573126478,0.10486601960958297,0,179,0.5581395348837209,0.5515211482634791
mix7_28,120,0.0,0.2,True,0.40660239575761437,-0.6611986337426035,0.902994691712464,0.6149474227678149,6.133531978210763,0.6161289544093875,-0.562710985410553,1.1281415305588696,1.094929671507765,5.312555106395005,0.030316314114674725,-0.6611986337426035,0.2998871607312582,0.0458505395618777,0.058949082207619075,0,175,0.5514950166112956,0.5000531674993858
mix7_28,120,0.0,0.3,False,0.4494836908266009,-0.6576672551452984,0.9258438724364745,0.6834515285808117,7.480317782718327,0.6270501555193468,-0.612305343894397,1.103299812725053,1.0240808148613723,5.477868147233193,0.10364962981176973,-0.6576672551452984,0.4520335726896643,0.1576019316772437,0.20820900838791156,0,103,0.5581395348837209,0.5443750445755007
mix7_28,120,0.0,0.3,True,0.4939153027980392,-0.6700011040919729,0.9958519145526137,0.7371858042941942,9.090822787882908,0.7319053275252871,-0.5589666649932712,1.2224301743296242,1.3093899392624742,7.232668616513983,0.06980503138308913,-0.6700011040919729,0.38237632883132977,0.10418644231593208,0.1381530641691202,0,101,0.5514950166112956,0.4930326520570382
mix7_28,120,0.05,0.0,False,0.06807025337905515,-0.7875344558639761,0.35877606277514035,0.08643463517336228,0.46117966533342747,0.031283285266239025,-0.7705866792518866,0.2690449077954725,0.04059671171140665,0.12551023257270533,0.10931109713739917,-0.599670086034936,0.4526121359336009,0.18228539272347638,0.22012324015408535,580,0,0.5581395348837209,0.5208397291048462
mix7_28,120,0.05,0.0,True,0.1465696793807829,-0.7038310984834909,0.5460521455577375,0.20824552892958148,1.1982724236973339,0.10102865875208544,-0.7038310984834909,0.4394587420570053,0.1435410554744835,0.4468982913846189,0.20810801967723958,-0.5302516200201002,0.6879917425502516,0.3924703137528384,0.4370210018253038,519,0,0.5514950166112956,0.45325796892556525
mix7_28,120,0.05,0.1,False,-0.09600781642959244,-0.810349579829954,-0.19870946065734071,-0.1184770361079708,-0.44081364085109875,-0.10452811020556518,-0.744391912132341,-0.23295542622614857,-0.140420803211228,-0.3454266276147612,-0.09924787187608552,-0.5642928216904792,-0.20981923982846942,-0.17588008931030505,-0.18164514132811305,580,207,0.5581395348837209,0.5311126493975801
mix7_28,120,0.05,0.1,True,-0.028483917398454683,-0.7128817406999548,0.035005945065761844,-0.03995602043403058,-0.15330748412038142,-0.047678615998512086,-0.6749005290819543,-0.030646970673375296,-0.0706453972756071,-0.17098258082908835,-0.00792289679642666,-0.4683549709280175,0.10249436661540819,-0.016916435798103972,-0.0151393393057353,519,197,0.5514950166112956,0.46221862285640297
mix7_28,120,0.05,0.2,False,-0.04386155590754748,-0.8286636562496219,0.02256165593621349,-0.05293046892638776,-0.22763774325063113,-0.05437254590954754,-0.7767932956099144,-0.009653426432904403,-0.06999615755804879,-0.19312735803576486,-0.04966323058571975,-0.5739288080048592,-0.0019427654486120314,-0.08653204002490023,-0.09307087151147808,580,111,0.5581395348837209,0.5287763587800438
mix7_28,120,0.05,0.2,True,0.02512046736996676,-0.7500293019943204,0.23338097386623285,0.03349264795811535,0.15359042499728215,0.009643011239458321,-0.7117745092578389,0.1878975256063365,0.013547845720849156,0.03752284356141233,0.030991825334027556,-0.5024954805535162,0.24802763208121933,0.061675829004250914,0.06028098610422283,519,109,0.5514950166112956,0.4605014887062752
mix7_28,120,0.05,0.3,False,-0.02165564189591329,-0.8185113301576816,0.10639227345288792,-0.02645735141105677,-0.11845828031952876,-0.030040396067948283,-0.7644275306270689,0.08301297567899668,-0.03929789923095233,-0.11047986883932781,-0.036983017667871154,-0.5968032565784929,0.054719460812604113,-0.061968525238781214,-0.06972136562985554,580,64,0.5581395348837209,0.5254996138266546
mix7_28,120,0.05,0.3,True,0.04731997437412239,-0.7374897353189918,0.3026861110840859,0.0641635701595965,0.30507437081234356,0.035559671219487665,-0.6958774872614879,0.2704630428646461,0.05110047655001305,0.14352996613909652,0.04001402518481734,-0.5337854894273775,0.2783943544896246,0.07496274435586979,0.07814682980111942,519,63,0.5514950166112956,0.4575663981536508
mix7_28,120,0.1,0.0,False,0.12491409933169395,-0.7210812252076173,0.4823481546314985,0.1732316623494504,0.9696610331393487,0.13452499041385835,-0.6635750399043863,0.5004162518765616,0.20272762283711257,0.6232892421338931,0.061444771989790814,-0.7091018882983531,0.36407285433076797,0.08665154190639816,0.1211565307289808,346,0,0.5581395348837209,0.5125052364583176
mix7_28,120,0.1,0.0,True,0.2018822835346965,-0.647768759210759,0.618466170625079,0.31165794994601115,1.8834818148768893,0.19959473556297191,-0.5815291276221886,0.613719182683207,0.34322396950105283,1.010771665214202,0.16176355437439116,-0.647768759210759,0.5488402111312811,0.24972422963324714,0.33316330888139123,316,0,0.5514950166112956,0.45181050952784874
mix7_28,120,0.1,0.1,False,-0.06581010633416795,-0.7590467996056933,0.02626476731678323,-0.08670098651144399,-0.3243232918523027,-0.044376517030631946,-0.6334431297531056,0.08198447300434464,-0.07005603967625064,-0.1598946151983628,-0.1350405523361624,-0.6646064440754942,-0.16523774266610322,-0.2031887495824865,-0.24287092319307746,346,293,0.5581395348837209,0.5298574292278352
mix7_28,120,0.1,0.1,True,-0.0021612213718840145,-0.6478055106767523,0.18156047084761637,-0.003336219492214909,-0.012382434496544636,0.003120144328287111,-0.5614790532589713,0.198748164614625,0.005557009313485476,0.012029357886722769,-0.04010015091082764,-0.5850838416809667,0.06650619520211085,-0.06853744378860041,-0.07548762276917553,316,277,0.5514950166112956,0.46719210670768796
mix7_28,120,0.1,0.2,False,0.0017373619263250095,-0.7765258651000512,0.22277948051519125,0.0022373522948925337,0.010046752490842747,0.04097441113382616,-0.6616265083085162,0.31121300007584596,0.06192982085705642,0.16665148627003523,-0.10620880130068333,-0.689984307969991,-0.04324954334010816,-0.1539292996577867,-0.19373066687471674,346,151,0.5581395348837209,0.5274483301655788
mix7_28,120,0.1,0.2,True,0.06668694844125223,-0.6791159911211953,0.36293075822431636,0.09819669881599247,0.45031482609558027,0.09754571842694926,-0.5836850770246238,0.43199194042422995,0.16712045975921724,0.42940867090953283,-0.025973062072361386,-0.6267706416137757,0.12905398147590788,-0.0414395001104189,-0.049217217718317774,316,147,0.5514950166112956,0.4660247122800218
mix7_28,120,0.1,0.3,False,0.0351370989970643,-0.7535543346837261,0.30492205616770124,0.04662848766149248,0.22003226819642174,0.06947629182975978,-0.6441741646463144,0.37655682967925125,0.10785327267495419,0.29410438210544587,-0.06999182278474791,-0.7015483690205417,0.06550862544368945,-0.09976763666697158,-0.12991103030348405,346,86,0.5581395348837209,0.520859469568237
mix7_28,120,0.1,0.3,True,0.10107715787821259,-0.6482984379722498,0.4381556408220545,0.1559114629280337,0.7411028670286213,0.1308471660129229,-0.557348856143,0.49834595240898666,0.23476708451223807,0.6031835296913894,0.004398621206255671,-0.6473534991113792,0.21599688284654608,0.006794774744082868,0.008452737719832681,316,84,0.5514950166112956,0.4595812378795314
mix7_28,120,0.15,0.0,False,0.1568405456583275,-0.8151046040715407,0.5402732827734895,0.1924176907784486,1.314120814297857,0.2797341060262404,-0.6752040762515252,0.7158976968708749,0.4142956416661717,1.5772926270349772,-0.09278822791492403,-0.8151046040715407,0.09907784395217083,-0.11383597571579919,-0.17035298833082124,190,0,0.5581395348837209,0.5136829491885915
mix7_28,120,0.15,0.0,True,0.26883809318992435,-0.7607946027029546,0.7067866258830494,0.3533648796071832,2.940092699398121,0.38336741202447167,-0.5856739038239243,0.8567252050788776,0.6545748573078414,2.47510937850415,0.027835512291996656,-0.7607946027029546,0.30862027023053606,0.036587420826991304,0.05406456574128349,170,0,0.5514950166112956,0.4590000202893292
mix7_28,120,0.15,0.1,False,-0.06258344553708195,-0.8228118960573045,0.0923740091914186,-0.07606045298684323,-0.3107724279526449,0.04498194874918848,-0.6384166846572622,0.3296244716084337,0.07045860459197947,0.1839853693650293,-0.26920624162458706,-0.7859247622992408,-0.4651784643713906,-0.3425343678407817,-0.45199489477141896,190,317,0.5581395348837209,0.5351991195780987
mix7_28,120,0.15,0.1,True,0.026529848576239967,-0.7171890304817468,0.28195102414649587,0.03699143105747095,0.16275402080623724,0.11935514607235942,-0.5426092678684686,0.47896517005508066,0.2199651814669921,0.5415451230723227,-0.1607362530165113,-0.7171890304817468,-0.21088107044883114,-0.22411978737117927,-0.28541836896568595,170,301,0.5514950166112956,0.47865083038359135
mix7_28,120,0.15,0.2,False,0.01970403091772588,-0.8357932308554423,0.2939572595799428,0.02357524587457907,0.11892695750318283,0.15661426309791615,-0.6732345682910883,0.5432009859586736,0.23262956252448463,0.747994798284535,-0.2364161911235787,-0.8006819492301199,-0.30745556580048344,-0.29526854121152607,-0.40386909483170064,190,166,0.5581395348837209,0.5299849126094289
mix7_28,120,0.15,0.2,True,0.11465858692582809,-0.7436350619129177,0.4687618593288659,0.15418663373790062,0.8684672324066267,0.2467229070639818,-0.5829354765120064,0.694979471011713,0.4232422232049557,1.3313052220729378,-0.1386758721035537,-0.7436350619129177,-0.10552436779981397,-0.18648377303085412,-0.248961850756794,170,162,0.5514950166112956,0.4746033521167326
mix7_28,120,0.15,0.3,False,0.07030441796410081,-0.8308802391096193,0.3949328689181736,0.08461438201904985,0.47886937481669123,0.21601987814894108,-0.6757156099240318,0.6351489898194729,0.3196905250912102,1.118519964408486,-0.20487013814903765,-0.809178250889321,-0.1944792015458051,-0.25318295186984663,-0.35574276997430576,190,96,0.5581395348837209,0.5230244309021647
mix7_28,120,0.15,0.3,True,0.16872115692887224,-0.7591127912647595,0.5629842257795591,0.22226098528489494,1.4543732826669529,0.31453133604197303,-0.5863264420305196,0.7872371283166757,0.5364440582838339,1.8568351624183759,-0.11114218059538095,-0.7591127912647595,-0.01337257878097885,-0.1464106281363099,-0.20224385306179715,170,94,0.5514950166112956,0.46776628779890195
mix7_28,120,0.2,0.0,False,0.2659977527116135,-0.7841743703775254,0.6934362664145922,0.3392074043220185,2.889568720377444,0.4108182179302895,-0.6484207732246902,0.8707344677369074,0.6335673298793794,2.747340536510111,-0.021556552202391388,-0.7841743703775254,0.2545791231448123,-0.027489488328996788,-0.0409321254335111,94,0,0.5581395348837209,0.5270609924947421
mix7_28,120,0.2,0.0,True,0.32937504124079053,-0.7766955733557807,0.7822712309343752,0.4240722524240702,4.153166979024894,0.5142212266430153,-0.5679122878755999,0.9971229040552251,0.9054588844459982,3.9162145208799677,-0.013389495374791838,-0.7766955733557807,0.24567663669071393,-0.01723905199683495,-0.02552064488557626,89,0,0.5514950166112956,0.47722620481513756
mix7_28,120,0.2,0.1,False,0.044721169008047124,-0.7641412520605775,0.3365324668139747,0.058524741188166925,0.2865345445252765,0.15755647574922182,-0.6109954661145046,0.54719008504553,0.2578684859172011,0.7534668204114774,-0.17547778783051216,-0.732733041037549,-0.1608773382647735,-0.23948392934763232,-0.30929564094920925,94,334,0.5581395348837209,0.5497564879784506
mix7_28,120,0.2,0.1,True,0.09224921045720635,-0.719596090253596,0.42555318389549274,0.12819581944184327,0.6622304079331294,0.22827108056916656,-0.5258462680338878,0.6750125781852779,0.4341023117320209,1.2016234636090841,-0.16031639257704366,-0.719596090253596,-0.18058339309263186,-0.22278663648734648,-0.28473262308533875,89,316,0.5514950166112956,0.49672934222577336
mix7_28,120,0.2,0.2,False,0.11287718086176723,-0.7975018558561195,0.4708140349237753,0.14153845540659388,0.8513357459537996,0.27048991331033423,-0.6463061587858748,0.7162552499059812,0.4185166884661379,1.5065627350597217,-0.1772632570963828,-0.7709033438258934,-0.1121641022504357,-0.22994225996821888,-0.3121612410005109,94,172,0.5581395348837209,0.5434104128479944
mix7_28,120,0.2,0.2,True,0.16458200578180104,-0.7643283386612538,0.5572232888240387,0.21532893320437632,1.4047344184756363,0.3595833736096834,-0.5650777443748742,0.8516976967422606,0.6363431885067035,2.2513157458724495,-0.17400003180080859,-0.7643283386612538,-0.16067476301210418,-0.227650896871854,-0.3069195952767374,89,168,0.5514950166112956,0.49282801203537746
mix7_28,120,0.2,0.3,False,0.1631828245498248,-0.7913793748512891,0.5529760656009669,0.2062005022312959,1.388143539157336,0.3293863926697902,-0.6488743012516536,0.7889675241837094,0.5076274280464128,1.9827541421965384,-0.1459429126830586,-0.7807090141659991,-0.01726786604780368,-0.1869363745453403,-0.2610670791930506,94,99,0.5581395348837209,0.5368302301280379
mix7_28,120,0.2,0.3,True,0.2159994302019026,-0.7785964148415002,0.6364816653803381,0.2774215576703803,2.0840622950195993,0.4268371764390626,-0.5684696697475393,0.9250910591584988,0.7508530343028212,2.9133076588357723,-0.15025015802876895,-0.7785964148415002,-0.07480303170203031,-0.19297566128577096,-0.26819752155733934,89,97,0.5514950166112956,0.4863722815693666
