asset,start,전략,2022,2023,2024,2025,2026,2001,2002,2003,2004,2005,2006,2007,2008,2009,2010,2011,2012,2013,2014,2015,2016,2017,2018,2019,2020,2021
SPY,2022-01-03,단순 보유,-0.18405561359853584,0.26175779777399333,0.24886462945796883,0.17719063776702648,0.15141843920451636,,,,,,,,,,,,,,,,,,,,,
SPY,2022-01-03,200일선 주1회,-0.14093197095217858,0.11258401127559892,0.24886462945796883,0.12045529447605396,0.11586260648981583,,,,,,,,,,,,,,,,,,,,,
SPY,2022-01-03,200일선 매일,-0.14728115039441414,0.11798916426661266,0.2488646294579686,0.1041590210598613,0.12011218652130995,,,,,,,,,,,,,,,,,,,,,
SPY,2022-01-03,200일선 버퍼±2%(매일),-0.1527489856765203,0.150884001796876,0.24886462945796883,0.1282183702089119,0.08954220853866368,,,,,,,,,,,,,,,,,,,,,
SPY,2001-01-02,단순 보유,-0.18175355218261813,0.26175779777399377,0.24886462945796883,0.17719063776702626,0.15141843920451659,-0.12301698237289405,-0.21584637760429348,0.2818162336453962,0.10697941037916525,0.048282529902988314,0.1584525784187134,0.051462329523205286,-0.3679499191000961,0.2635174060895693,0.15056147743376624,0.01894983004819517,0.1599032308596322,0.3230779947209568,0.13463766449175907,0.01234330421313401,0.11997878614492108,0.2170538298958986,-0.045689561679589374,0.31223842118964984,0.1833159414401906,0.2872876490449796
SPY,2001-01-02,200일선 주1회,-0.13747321067316898,0.11258401127559892,0.24886462945796883,0.12045529447605396,0.11586260648981583,0.0,-0.07412988089433181,0.169828137874521,0.02329376042634701,0.014863456283656928,0.09709592229163233,-0.008441756027542269,-0.03739612149546456,0.20714960904144175,-0.0030037025904312564,-0.14638037893840572,0.13449717128601546,0.3230779947209568,0.08796485537342558,-0.1431652599967792,0.10806236893075605,0.2170538298958984,-0.06109778271103761,0.12448697988529212,0.15266532140853473,0.28728764904497983
SPY,2001-01-02,200일선 매일,-0.1438479530381498,0.11798916426661221,0.24886462945796883,0.10415902105986108,0.12011218652131017,0.0,-0.0688460043762199,0.19362281852637908,0.034692351178734704,-0.02873788479275341,0.10332850392335424,-0.06942171683991571,-0.04340337523397797,0.20714960904144153,-0.0721889061445079,-0.07518257775180781,0.1327137149248736,0.3230779947209568,0.11266536471809396,-0.07946559164865163,0.08727246440741565,0.2170538298958984,-0.03719407639008221,0.14016903550661897,0.061065967960028944,0.28728764904497983
SPY,2001-01-02,200일선 버퍼±2%(매일),-0.14933780279506614,0.150884001796876,0.24886462945796883,0.1282183702089119,0.08954220853866324,0.0,-0.043316068724765455,0.2513098933025124,0.033771184869737736,0.04828252990298809,0.09074145639336528,-0.057010659633318306,0.0,0.1978142653893311,0.05287668946466639,-0.02387499169666818,0.1430283453144714,0.3230779947209568,0.13463766449175907,-0.09589777990050274,0.06395267767979851,0.2170538298958984,-0.040049347325509355,0.17908346460357172,0.05396201929928024,0.28728764904497983
QQQ,2022-01-03,단순 보유,-0.3277975565151463,0.5485562414735847,0.2557825865251333,0.20772544120622616,0.24081845591326534,,,,,,,,,,,,,,,,,,,,,
QQQ,2022-01-03,200일선 주1회,-0.13524525906459384,0.319756090568617,0.2557825865251335,0.13100329122430487,0.19933492766537952,,,,,,,,,,,,,,,,,,,,,
QQQ,2022-01-03,200일선 매일,-0.18289622909406378,0.34850580138336595,0.2557825865251335,0.1252238826161889,0.20636166055776717,,,,,,,,,,,,,,,,,,,,,
QQQ,2022-01-03,200일선 버퍼±2%(매일),-0.13524525906459384,0.33905995684239465,0.2557825865251333,0.11606049458780787,0.15483247192410698,,,,,,,,,,,,,,,,,,,,,
QQQ,2001-01-02,단순 보유,-0.3257701380090091,0.548556241473585,0.2557825865251333,0.20772544120622616,0.24081845591326556,-0.3355817385115062,-0.37368255666118644,0.4966862103393588,0.10538526342914567,0.01565463189348293,0.07143973320755403,0.1902809523725908,-0.41727142962640085,0.5468408713320811,0.20143764102566086,0.03475776553993426,0.18112554257374414,0.3663413672123115,0.1918147201179885,0.0943585350713243,0.07097897225109451,0.3266355936063632,-0.0012619765552431828,0.38961558979651767,0.4840607983127585,0.27419745299867215
QQQ,2001-01-02,200일선 주1회,-0.1315950008072868,0.3197560905686172,0.2557825865251333,0.1310032912243051,0.1993349276653793,-0.06846178076687148,0.0011109069303865127,0.27624590138535354,0.000713961367332594,-0.09690248674954793,0.047669949793130106,0.1902809523725908,-0.09075590051702775,0.3334384478858192,0.08519651126909422,-0.2257991196013477,0.07173581612401447,0.3373913248556506,0.1918147201179885,-0.038467328442626236,-0.002157514061804755,0.32663559360636296,0.09109337830180064,0.201393617358139,0.2864053504810842,0.27419745299867193
QQQ,2001-01-02,200일선 매일,-0.17944711266181423,0.3485058013833666,0.2557825865251333,0.1252238826161889,0.20636166055776717,-0.14197257625432935,-0.0734578259965113,0.3153233358994034,-0.004383849834421749,-0.10416276481206999,0.03869365830197746,0.1902809523725908,-0.12305041237197989,0.29389996700541854,0.007893093181560618,-0.12511558775103238,0.09827514307195329,0.33197953582485296,0.1918147201179885,-0.06600665244861736,-0.04318866781255937,0.3266355936063632,-0.018602849477796668,0.14761669446745063,0.33795545236710023,0.27419745299867193
QQQ,2001-01-02,200일선 버퍼±2%(매일),-0.1315950008072868,0.3390599568423944,0.2557825865251335,0.11606049458780787,0.15483247192410698,-0.06851538171308014,-0.06113664708110744,0.31324914343500954,0.015596875429881196,-0.04657332493700106,0.03073383990462286,0.1902809523725908,-0.17957237948911287,0.3110032808916243,-0.018935855949337776,-0.05955127527062998,0.11331318726041117,0.3226638955751,0.1918147201179885,-0.05458869303099545,-0.07511477672944011,0.3266355936063632,0.032833380804273116,0.16523352635030775,0.3341307095770416,0.27419745299867215
코스피,2022-01-03,단순 보유,-0.25411563809066406,0.18730101949561795,-0.0963325901599833,0.7562773756089838,0.6145290769000775,,,,,,,,,,,,,,,,,,,,,
코스피,2022-01-03,200일선 주1회,0.0,0.03134229186418702,-0.12549477915355078,0.4770895703628901,0.6145290769000775,,,,,,,,,,,,,,,,,,,,,
코스피,2022-01-03,200일선 매일,0.0,0.015867861899165225,-0.09969289049472219,0.4907647220573277,0.4408732801969055,,,,,,,,,,,,,,,,,,,,,
코스피,2022-01-03,200일선 버퍼±2%(매일),0.0,0.006214623111082451,-0.144706893470124,0.5128081379833183,0.43479205176648295,,,,,,,,,,,,,,,,,,,,,
코스피,2001-01-02,단순 보유,-0.24893792084361832,0.18730101949561795,-0.09633259015998341,0.756277375608984,0.6145290769000773,0.37827581411058797,-0.09535822401614547,0.29186519002469935,0.10510540143824532,0.5396129118671311,0.03993852265889508,0.32253949221309774,-0.4072783625792644,0.49650057360356414,0.21882372516743231,-0.10982935153583628,0.09383044683251729,0.007155554442803247,-0.04760507920093071,0.023867320251201862,0.03321759436295135,0.21763567995420563,-0.17282744813555462,0.07674028926429655,0.3075074965759188,0.03625581613867568
코스피,2001-01-02,200일선 주1회,0.0,0.03134229186418702,-0.12549477915355123,0.47708957036289035,0.6145290769000773,0.021996557589020194,0.014303514487530755,0.2647648045521245,-0.0032921014344378108,0.5396129118671309,-0.0668368044852875,0.3225394922130975,-0.13797677003888453,0.25335474793924284,0.18865662346033107,-0.06615103388590937,-0.0885335917941108,-0.052803998045196865,-0.08883155170286561,-0.052591271351771884,-0.05358345485475979,0.21763567995420563,-0.10519528481858686,-0.05318794281004924,0.2801605898192945,0.04271879974386383
코스피,2001-01-02,200일선 매일,0.0,0.015867861899166114,-0.09969289049472174,0.49076472205732746,0.44087328019690575,0.0973578127844843,0.06281974148302938,0.2503848175118262,0.01117107359452163,0.5396129118671309,-0.08873607775506509,0.32253949221309774,-0.1243152088782925,0.23100089939213886,0.1342148849391427,-0.056113681374939106,-0.09434025735540019,-0.0677903873616088,-0.08822784207930257,-0.06248265484394788,-0.1302899489937014,0.21763567995420585,-0.14831919199214127,-0.0373689129818251,0.29919799498592536,0.06265731850341227
코스피,2001-01-02,200일선 버퍼±2%(매일),0.0,0.006214623111082673,-0.14470689347012422,0.5128081379833178,0.4347920517664834,0.06145685543074708,0.023177271283571166,0.25529979160533633,-0.011241059287188437,0.5396129118671307,-0.048896450218673504,0.3225394922130975,-0.15104274352444225,0.2541679652016975,0.1465499318013015,-0.06615103388590948,-0.15221396046284918,-0.08936385382216172,-0.09179390730809356,-0.028122398722450037,-0.053386069794862934,0.21763567995420563,-0.06752834946204633,-0.04095204998007829,0.23674483786748968,0.062438213901659045
삼성전자,2022-01-03,단순 보유,-0.30352644836272036,0.41952983725135606,-0.3222929936305733,1.253759398496241,1.2435362802335277,,,,,,,,,,,,,,,,,,,,,
삼성전자,2022-01-03,200일선 주1회,-0.025893530654911845,0.2071587014447671,-0.11430388168465477,0.9637229535920357,1.2435362802335281,,,,,,,,,,,,,,,,,,,,,
삼성전자,2022-01-03,200일선 매일,-0.04651038661819351,0.23050476789922647,-0.09572538615874315,0.8955606692524776,1.2435362802335277,,,,,,,,,,,,,,,,,,,,,
삼성전자,2022-01-03,200일선 버퍼±2%(매일),-0.05350995117758195,0.2296077586206895,-0.11902135494085397,0.911173616253887,1.2435362802335281,,,,,,,,,,,,,,,,,,,,,
삼성전자,2001-01-02,단순 보유,-0.2937420178799489,0.4195298372513563,-0.3222929936305732,1.2537593984962405,1.2435362802335281,0.7658227848101267,0.1254480286738351,0.43630573248407645,-0.0011086474501108556,0.462819089900111,-0.06980273141122917,-0.09298531810766719,-0.1888489208633093,0.771618625277162,0.1877346683354193,0.11485774499473123,0.4385633270321361,-0.09855453350854138,-0.03279883381924209,-0.05048982667671431,0.4301587301587302,0.4139844617092121,-0.24058084772370492,0.44186046511627897,0.4516129032258065,-0.033333333333333215
삼성전자,2001-01-02,200일선 주1회,-0.011566283524904186,0.2071587014447671,-0.11430388168465477,0.9637229535920357,1.2435362802335281,0.1628826629202329,-0.01258533792070482,0.36992963525835854,0.08801818181818177,0.286007179646695,-0.1686299040352307,-0.17438716484037442,-0.16020633539756457,0.4732115313653136,0.015176612207066675,-0.011788331712887401,0.4385633270321361,-0.16648029404711773,-0.10442916611259423,-0.21400239683272604,0.41756630145619544,0.4139844617092121,-0.18747496558711974,0.07549629495142729,0.22988328012719195,-0.11541691625930539
삼성전자,2001-01-02,200일선 매일,-0.03248637409315491,0.2305047678992267,-0.09572538615874293,0.8955606692524776,1.2435362802335277,-0.23803584326014127,0.011503884741351555,0.28676067244963366,-0.12593994110315865,0.29795294122969396,-0.19901514122772257,-0.22875098749622735,-0.08119709550732412,0.44091815585551974,0.024906762797772153,0.05321039109904602,0.40376470745993887,-0.09481043774900044,-0.09899845151662201,-0.1879811554183718,0.4700642448979593,0.4139844617092119,-0.2464555544445236,-0.051504085895302865,0.2270793786650107,-0.05850216251045648
삼성전자,2001-01-02,200일선 버퍼±2%(매일),-0.03958888888888901,0.2296077586206895,-0.11902135494085353,0.911173616253887,1.2435362802335281,-0.0724740077044107,-0.007653475751595362,0.3762041221374044,-0.04908217709577478,0.28600717964669453,-0.21393033096616676,-0.20556579542979847,-0.1328445299901364,0.47321153136531335,-0.010069291649674517,-0.00333894191359585,0.3688720613172245,-0.14777808066953557,-0.03210854963549448,-0.18213039972169942,0.4213328334648776,0.4139844617092121,-0.23315117853355116,-0.03236692377356143,0.14920123090192172,-0.08938082859538665
